{"configVersion":93,"detailLog":false,"maxLogSize":256,"forceMountData":true,"disableActivityLaunchProtection":false,"altAppDataIsolation":true,"altVoldAppDataIsolation":false,"skipSystemAppDataIsolation":true,"templates":{"HIDE ROOT":{"isWhitelist":false,"appList":["com.coderstory.toolkit","com.github.dan.NoStorageRestrict","ru.agdhvyiw.ksilwhjbm","fr.netstat.locationindicatorwhitelist","io.github.lsposed.disableflagsecure","sh.siava.pixelxpert","com.kieronquinn.app.classicpowermenu","sh.siava.AOSPMods_QSTheme","org.adaway","com.smartpack.kernelmanager","com.github.capntrips.kernelflasher","com.jhc.detach","nextapp.fx","com.superpaninbros.glng","com.superpaninbros.companion","eu.darken.sdmse","xyz.xfqlittlefan.notdeveloper","io.github.muntashirakon.AppManager","net.accelf.devoptshide","app.rvx.manager.flutter","app.rvx.android.youtube","de.buttercookie.disabletargetapiblock","ltd.nextalone.pkginstallerplus","top.canyie.settingsfirewall","io.github.tehcneko.telespeed","a.dkv","com.keshav.capturesposed","com.varuns2002.disable_flag_secure","com.google.android.hmal","f.scxkxfbna","me.weishu.kernelsu","com.simo.tgramhooks","eu.faircode.xlua","moe.shizuku.redirectstorage","me.bmax.apatch","com.sevtinge.hyperceiler","name.monwf.customiuizer","ru.mike.updatelocker","fuck.app.check","me.garfieldhan.apatch.next","com.realvnc.viewer.android","com.github.dan.NoFontResatrict","com.android1500.androidfaker","bin.mt.mtgz","com.rifsxd.ksunext","com.sukisu.ultra","bin.mt.plus.canary","com.santand3rp","com.tencent.docs","com.dergoogler.mmrl","com.android.shell","com.termux","com.github.android","com.sernic.uninstallsystemapps","com.android1500.gpssetter","moe.shizuku.privileged.api","ru.zdevs.zarchiver","com.pyshivam.geergit","nep.timeline.re_telegram","sjbppu.qjqerx.clvbwj","io.github.jqssun.gpssetter","io.github.chsbuffer.revancedxposed","me.yuri.ok","cqay.qo.pppoptzu","com.tsng.hidemyapplist","xzr.hkf","com.my.televip","com.zrt.xposed","bin.mt.plus","bin.mt.termex","com.teamviewer.quicksupport.addon.universal","com.teamviewer.teamviewer.market.mobile","com.teamviewer.quicksupport.market","com.anydesk.adcontrol.ad1","com.anydesk.anydeskandroid","io.github.vvb2060.magisk","com.modaov.turbogamebooster","ys.od.pfjp.n.jsobh","io.github.vvb2060.packageinstaller","com.nox.aov.std","com.noxinfinity.modskin","by4a.setedit22","com.notzeetaa.yakt","rgfezufu.ds","bx.rahat.afpro","es.chiteroman.bootloaderspoofer","com.evozi.deviceid","flar2.devcheck","com.theappninjas.fakegpsjoystick","io.github.auag0.hidemocklocation","io.github.a13e300.ksuwebui","com.telegram.a1064","com.termux.api","com.ghisler.android.TotalCommander","com.catchingnow.icebox","com.reveny.vbmetafix.service","com.oneplus.canvasresources","com.oneplus.mall","com.fei_ke.shamiko","me.hoshino.novpndetect","com.luckyzyx.luckytool","com.omarea.vtools","com.topjohnwu.magisk","com.android.kernel","com.android.cnpgcebkgl","com.android.cngpcebkchn","com.game.kernel","org.telegram.messenger","org.telegram.plus","com.cloudflare.onedotonedotonedotone","org.frknkrc44.hma_oss","com.abdurazaaqmohammed.AntiSplit","io.github.alexdonh.noaccessibilityservices","gvbtcl.yubbjm.qajtjy","tsfvdj.xiwtkz.wuhyrv","top.ltfan.notdeveloper","me.itejo443.bindhosts","com.modaov.unlock60fps"]},"HIDE MY CUSTOM APP":{"isWhitelist":false,"appList":["com.zhenxi.hunter","com.byxiaorun.detector","io.github.lsposed.disableflagsecure","io.github.vvb2060.mahoshojo","io.liankong.riskdetector","io.github.rabehx.securify","com.thend.integritychecker","bin.mt.plus.canary","com.android.nativetest","icu.nullptr.nativetest","com.coderstory.toolkit","com.sukisu.ultra","com.tencent.docs","me.garfieldhan.holmes","com.github.capntrips.kernelflasher","com.reveny.nativecheck","gr.nikolasspyr.integritycheck","io.github.chsbuffer.revancedxposed","com.my.televip","io.github.vvb2060.keyattestation","com.henrikherzig.playintegritychecker","krypton.tbsafetychecker","com.youhu.laifu","com.tsng.applistdetector","com.kikyps.crackme","com.jc","io.github.a13e300.ksuwebui","io.github.huskydg.memorydetector","com.godevelopers.OprekCek","id.my.pjm.qbcd_okr_dvii","luna.safe.luna","me.yuri.ok","icu.nullptr.nativetext","com.tsng.hidemyapplist","com.zrt.xposed","xzr.hkf","com.android.shell","com.dergoogler.mmrl","com.dergoogler.mmrl.wx","com.aurora.store.nightly","io.github.vvb2060.magisk","com.luckyzyx.luckytool","me.bmax.apatch","com.topjohnwu.magisk","com.anydesk.adcontrol.ad1","com.anydesk.anydeskandroid","com.teamviewer.quicksupport.market","com.teamviewer.teamviewer.market.mobile","icu.nullptr.applistdetector","com.omarea.vtools","com.cloudflare.onedotonedotonedotone","bin.mt.plus","me.weishu.kernelsu","gvbtcl.yubbjm.qajtjy","tsfvdj.xiwtkz.wuhyrv","com.android.kernel","com.rem01gaming.disclosure","org.frknkrc44.hma_oss","eu.thedarken.sdm","eu.darken.sdmse","moe.shizuku.privileged.api","com.termux","com.thor.nonroot","com.pyshivam.geergit","top.ltfan.notdeveloper","bin.mt.termex","ru.zdevs.zarchiver","com.modaov.unlock60fps","org.matrix.demo","com.aorus.extr","com.rcmiku.payload.dumper.compose","wu.Zygisk.Detector"]}},"scope":{"com.google.android.apps.messaging":{"useWhitelist":false,"excludeSystemApps":false,"hideInstallationSource":false,"hideSystemInstallationSource":false,"excludeTargetInstallationSource":false,"invertActivityLaunchProtection":false,"applyTemplates":["HIDE ROOT"],"applyPresets":[],"applySettingsPresets":[],"extraAppList":[]},"com.shannon.rcsservice":{"useWhitelist":false,"excludeSystemApps":false,"hideInstallationSource":false,"hideSystemInstallationSource":false,"excludeTargetInstallationSource":false,"invertActivityLaunchProtection":false,"applyTemplates":["HIDE ROOT"],"applyPresets":[],"applySettingsPresets":[],"extraAppList":[]},"icu.nullptr.applistdetector":{"useWhitelist":false,"excludeSystemApps":false,"hideInstallationSource":false,"hideSystemInstallationSource":false,"excludeTargetInstallationSource":false,"invertActivityLaunchProtection":false,"applyTemplates":["HIDE ROOT"],"applyPresets":["custom_rom","root_apps","sus_apps","xposed"],"applySettingsPresets":["accessibility","dev_options"],"extraAppList":[]},"krypton.tbsafetychecker":{"useWhitelist":false,"excludeSystemApps":false,"hideInstallationSource":false,"hideSystemInstallationSource":false,"excludeTargetInstallationSource":false,"invertActivityLaunchProtection":false,"applyTemplates":["HIDE ROOT"],"applyPresets":[],"applySettingsPresets":[],"extraAppList":[]},"io.github.vvb2060.keyattestation":{"useWhitelist":false,"excludeSystemApps":false,"hideInstallationSource":false,"hideSystemInstallationSource":false,"excludeTargetInstallationSource":false,"invertActivityLaunchProtection":false,"applyTemplates":["HIDE ROOT"],"applyPresets":[],"applySettingsPresets":[],"extraAppList":[]},"com.flar2.volumeskip":{"useWhitelist":false,"excludeSystemApps":false,"hideInstallationSource":false,"hideSystemInstallationSource":false,"excludeTargetInstallationSource":false,"invertActivityLaunchProtection":false,"applyTemplates":["HIDE ROOT"],"applyPresets":[],"applySettingsPresets":[],"extraAppList":[]},"com.kotak811mobilebankingapp.instantsavingsupiscanandpayrecharge":{"useWhitelist":false,"excludeSystemApps":false,"hideInstallationSource":false,"hideSystemInstallationSource":false,"excludeTargetInstallationSource":false,"invertActivityLaunchProtection":false,"applyTemplates":["HIDE ROOT"],"applyPresets":[],"applySettingsPresets":[],"extraAppList":[]},"com.google.android.odad":{"useWhitelist":false,"excludeSystemApps":false,"hideInstallationSource":false,"hideSystemInstallationSource":false,"excludeTargetInstallationSource":false,"invertActivityLaunchProtection":false,"applyTemplates":["HIDE ROOT"],"applyPresets":[],"applySettingsPresets":[],"extraAppList":[]},"com.zhenxi.hunter":{"useWhitelist":false,"excludeSystemApps":false,"hideInstallationSource":false,"hideSystemInstallationSource":false,"excludeTargetInstallationSource":false,"invertActivityLaunchProtection":false,"applyTemplates":["HIDE ROOT"],"applyPresets":[],"applySettingsPresets":[],"extraAppList":[]},"io.github.huskydg.memorydetector":{"useWhitelist":false,"excludeSystemApps":false,"hideInstallationSource":false,"hideSystemInstallationSource":false,"excludeTargetInstallationSource":false,"invertActivityLaunchProtection":false,"applyTemplates":["HIDE ROOT"],"applyPresets":["custom_rom","root_apps","xposed"],"applySettingsPresets":["accessibility","dev_options"],"extraAppList":[]},"com.byxiaorun.detector":{"useWhitelist":false,"excludeSystemApps":false,"hideInstallationSource":false,"hideSystemInstallationSource":false,"excludeTargetInstallationSource":false,"invertActivityLaunchProtection":false,"applyTemplates":["HIDE ROOT"],"applyPresets":[],"applySettingsPresets":[],"extraAppList":[]},"com.vnid":{"useWhitelist":false,"excludeSystemApps":false,"hideInstallationSource":false,"hideSystemInstallationSource":false,"excludeTargetInstallationSource":false,"invertActivityLaunchProtection":false,"applyTemplates":["HIDE ROOT","HIDE MY CUSTOM APP"],"applyPresets":["custom_rom","root_apps","sus_apps","xposed"],"applySettingsPresets":["accessibility","dev_options"],"extraAppList":[]},"com.henrikherzig.playintegritychecker":{"useWhitelist":false,"excludeSystemApps":false,"hideInstallationSource":false,"hideSystemInstallationSource":false,"excludeTargetInstallationSource":false,"invertActivityLaunchProtection":false,"applyTemplates":["HIDE ROOT"],"applyPresets":["custom_rom","root_apps","sus_apps","xposed"],"applySettingsPresets":["accessibility","dev_options"],"extraAppList":[]},"com.sbi.lotusintouch":{"useWhitelist":false,"excludeSystemApps":false,"hideInstallationSource":false,"hideSystemInstallationSource":false,"excludeTargetInstallationSource":false,"invertActivityLaunchProtection":false,"applyTemplates":["HIDE ROOT"],"applyPresets":["custom_rom","root_apps","xposed"],"applySettingsPresets":["accessibility","dev_options"],"extraAppList":["com.tsng.hidemyapplist","com.sukisu.ultra","org.frknkrc44.hma_oss","com.tsng.applistdetector","icu.nullptr.applistdetector","com.anydesk.anydeskandroid","com.youhu.laifu","me.itejo443.bindhosts","org.matrix.demo","com.kikyps.crackme"]},"org.akanework.checker":{"useWhitelist":false,"excludeSystemApps":false,"hideInstallationSource":false,"hideSystemInstallationSource":false,"excludeTargetInstallationSource":false,"invertActivityLaunchProtection":false,"applyTemplates":["HIDE ROOT"],"applyPresets":[],"applySettingsPresets":[],"extraAppList":["com.tsng.hidemyapplist"]},"com.engage.pbb.pbengage2my.release":{"useWhitelist":false,"excludeSystemApps":false,"hideInstallationSource":false,"hideSystemInstallationSource":false,"excludeTargetInstallationSource":false,"invertActivityLaunchProtection":false,"applyTemplates":["HIDE ROOT"],"applyPresets":[],"applySettingsPresets":[],"extraAppList":["com.tsng.hidemyapplist"]},"com.dbs.dbspaylah":{"useWhitelist":false,"excludeSystemApps":true,"hideInstallationSource":false,"hideSystemInstallationSource":false,"excludeTargetInstallationSource":false,"invertActivityLaunchProtection":false,"applyTemplates":["HIDE ROOT"],"applyPresets":[],"applySettingsPresets":[],"extraAppList":["f.scxkxfbna"]},"id.dana":{"useWhitelist":false,"excludeSystemApps":false,"hideInstallationSource":false,"hideSystemInstallationSource":false,"excludeTargetInstallationSource":false,"invertActivityLaunchProtection":false,"applyTemplates":["HIDE ROOT"],"applyPresets":[],"applySettingsPresets":[],"extraAppList":[]},"com.ysh.hookapkverify":{"useWhitelist":false,"excludeSystemApps":false,"hideInstallationSource":false,"hideSystemInstallationSource":false,"excludeTargetInstallationSource":false,"invertActivityLaunchProtection":false,"applyTemplates":["HIDE ROOT"],"applyPresets":[],"applySettingsPresets":[],"extraAppList":[]},"com.godevelopers.OprekCek":{"useWhitelist":true,"excludeSystemApps":false,"hideInstallationSource":false,"hideSystemInstallationSource":false,"excludeTargetInstallationSource":false,"invertActivityLaunchProtection":false,"applyTemplates":[],"applyPresets":[],"applySettingsPresets":[],"extraAppList":[]},"com.xiaoji.gamesirnsemulator":{"useWhitelist":false,"excludeSystemApps":false,"hideInstallationSource":false,"hideSystemInstallationSource":false,"excludeTargetInstallationSource":false,"invertActivityLaunchProtection":false,"applyTemplates":["HIDE ROOT"],"applyPresets":[],"applySettingsPresets":[],"extraAppList":[]},"com.cimb.cimbocto":{"useWhitelist":false,"excludeSystemApps":false,"hideInstallationSource":false,"hideSystemInstallationSource":false,"excludeTargetInstallationSource":false,"invertActivityLaunchProtection":false,"applyTemplates":["HIDE ROOT"],"applyPresets":[],"applySettingsPresets":[],"extraAppList":[]},"com.kotak.neo":{"useWhitelist":false,"excludeSystemApps":true,"hideInstallationSource":false,"hideSystemInstallationSource":false,"excludeTargetInstallationSource":false,"invertActivityLaunchProtection":false,"applyTemplates":["HIDE ROOT"],"applyPresets":[],"applySettingsPresets":[],"extraAppList":[]},"com.cookapps.heroassemble":{"useWhitelist":true,"excludeSystemApps":true,"hideInstallationSource":false,"hideSystemInstallationSource":false,"excludeTargetInstallationSource":false,"invertActivityLaunchProtection":false,"applyTemplates":[],"applyPresets":[],"applySettingsPresets":[],"extraAppList":[]},"com.csam.icici.bank.imobile":{"useWhitelist":false,"excludeSystemApps":false,"hideInstallationSource":false,"hideSystemInstallationSource":false,"excludeTargetInstallationSource":false,"invertActivityLaunchProtection":false,"applyTemplates":["HIDE ROOT"],"applyPresets":[],"applySettingsPresets":[],"extraAppList":[]},"com.bet365.authenticator":{"useWhitelist":false,"excludeSystemApps":false,"hideInstallationSource":false,"hideSystemInstallationSource":false,"excludeTargetInstallationSource":false,"invertActivityLaunchProtection":false,"applyTemplates":["HIDE ROOT"],"applyPresets":[],"applySettingsPresets":[],"extraAppList":[]},"ph.com.bdo.retail":{"useWhitelist":false,"excludeSystemApps":false,"hideInstallationSource":false,"hideSystemInstallationSource":false,"excludeTargetInstallationSource":false,"invertActivityLaunchProtection":false,"applyTemplates":["HIDE ROOT"],"applyPresets":[],"applySettingsPresets":[],"extraAppList":[]},"org.altruist.BajajExperia":{"useWhitelist":false,"excludeSystemApps":false,"hideInstallationSource":false,"hideSystemInstallationSource":false,"excludeTargetInstallationSource":false,"invertActivityLaunchProtection":false,"applyTemplates":["HIDE ROOT"],"applyPresets":["custom_rom","root_apps","xposed"],"applySettingsPresets":["accessibility","dev_options"],"extraAppList":[]},"me.garfieldhan.holmes":{"useWhitelist":false,"excludeSystemApps":false,"hideInstallationSource":false,"hideSystemInstallationSource":false,"excludeTargetInstallationSource":false,"invertActivityLaunchProtection":false,"applyTemplates":["HIDE ROOT"],"applyPresets":["custom_rom","root_apps","sus_apps","xposed"],"applySettingsPresets":["accessibility","dev_options"],"extraAppList":["com.anydesk.adcontrol.ad1","io.github.vvb2060.magisk","com.anydesk.anydeskandroid","me.bmax.apatch","icu.nullptr.applistdetector","com.tsng.applistdetector","org.frknkrc44.hma_oss","com.android.cngpcebkchn","com.android.cnpgcebkgl","com.android.kernel","com.game.kernel","com.zrt.xposed","bin.mt.plus.canary","io.github.a13e300.ksuwebui","xzr.hkf","com.topjohnwu.magisk","io.github.vvb2060.mahoshojo","com.android.nativetest","icu.nullptr.nativetest","org.telegram.plus","com.teamviewer.quicksupport.market","io.github.chsbuffer.revancedxposed","io.liankong.riskdetector","io.github.rabehx.securify","moe.shizuku.privileged.api","com.sukisu.ultra","org.telegram.messenger","ru.zdevs.zarchiver","com.cloudflare.onedotonedotonedotone","com.reveny.nativecheck","com.zhenxi.hunter","me.garfieldhan.holmes","io.github.huskydg.memorydetector","com.rcmiku.payload.dumper.compose","com.byxiaorun.detector","com.omarea.vtools","com.my.televip","luna.safe.luna","com.dergoogler.mmrl"]},"id.bmri.livin":{"useWhitelist":false,"excludeSystemApps":false,"hideInstallationSource":false,"hideSystemInstallationSource":false,"excludeTargetInstallationSource":false,"invertActivityLaunchProtection":false,"applyTemplates":["HIDE ROOT"],"applyPresets":[],"applySettingsPresets":[],"extraAppList":[]},"id.co.bri.brimo":{"useWhitelist":false,"excludeSystemApps":false,"hideInstallationSource":false,"hideSystemInstallationSource":false,"excludeTargetInstallationSource":false,"invertActivityLaunchProtection":false,"applyTemplates":["HIDE ROOT"],"applyPresets":[],"applySettingsPresets":[],"extraAppList":[]},"com.kvb.mobilebanking":{"useWhitelist":false,"excludeSystemApps":false,"hideInstallationSource":false,"hideSystemInstallationSource":false,"excludeTargetInstallationSource":false,"invertActivityLaunchProtection":false,"applyTemplates":["HIDE ROOT"],"applyPresets":[],"applySettingsPresets":[],"extraAppList":[]},"com.tideplatform.banking":{"useWhitelist":false,"excludeSystemApps":false,"hideInstallationSource":false,"hideSystemInstallationSource":false,"excludeTargetInstallationSource":false,"invertActivityLaunchProtection":false,"applyTemplates":["HIDE ROOT"],"applyPresets":[],"applySettingsPresets":[],"extraAppList":[]},"com.vitaodoidao.vdinfos":{"useWhitelist":false,"excludeSystemApps":false,"hideInstallationSource":false,"hideSystemInstallationSource":false,"excludeTargetInstallationSource":false,"invertActivityLaunchProtection":false,"applyTemplates":["HIDE ROOT"],"applyPresets":[],"applySettingsPresets":[],"extraAppList":[]},"com.ahmed.security_tester":{"useWhitelist":false,"excludeSystemApps":false,"hideInstallationSource":false,"hideSystemInstallationSource":false,"excludeTargetInstallationSource":false,"invertActivityLaunchProtection":false,"applyTemplates":["HIDE ROOT"],"applyPresets":[],"applySettingsPresets":[],"extraAppList":[]},"com.fawry.myfawry":{"useWhitelist":false,"excludeSystemApps":false,"hideInstallationSource":false,"hideSystemInstallationSource":false,"excludeTargetInstallationSource":false,"invertActivityLaunchProtection":false,"applyTemplates":["HIDE ROOT"],"applyPresets":[],"applySettingsPresets":[],"extraAppList":[]},"com.vnpay.vpbankonline":{"useWhitelist":false,"excludeSystemApps":false,"hideInstallationSource":false,"hideSystemInstallationSource":false,"excludeTargetInstallationSource":false,"invertActivityLaunchProtection":false,"applyTemplates":["HIDE ROOT"],"applyPresets":["custom_rom","root_apps","sus_apps","xposed"],"applySettingsPresets":["accessibility","dev_options"],"extraAppList":[]},"com.vakifbank.mobile":{"useWhitelist":false,"excludeSystemApps":false,"hideInstallationSource":false,"hideSystemInstallationSource":false,"excludeTargetInstallationSource":false,"invertActivityLaunchProtection":false,"applyTemplates":["HIDE ROOT"],"applyPresets":[],"applySettingsPresets":[],"extraAppList":[]},"com.digilocker.android":{"useWhitelist":false,"excludeSystemApps":false,"hideInstallationSource":false,"hideSystemInstallationSource":false,"excludeTargetInstallationSource":false,"invertActivityLaunchProtection":false,"applyTemplates":["HIDE ROOT"],"applyPresets":["custom_rom","root_apps","sus_apps","xposed"],"applySettingsPresets":["accessibility","dev_options"],"extraAppList":[]},"com.xiaoji.xtouch.google":{"useWhitelist":true,"excludeSystemApps":true,"hideInstallationSource":false,"hideSystemInstallationSource":false,"excludeTargetInstallationSource":false,"invertActivityLaunchProtection":false,"applyTemplates":[],"applyPresets":[],"applySettingsPresets":[],"extraAppList":[]},"com.bochk.bocpay":{"useWhitelist":false,"excludeSystemApps":true,"hideInstallationSource":false,"hideSystemInstallationSource":false,"excludeTargetInstallationSource":false,"invertActivityLaunchProtection":false,"applyTemplates":["HIDE ROOT"],"applyPresets":[],"applySettingsPresets":[],"extraAppList":[]},"com.emeint.android.myservices":{"useWhitelist":false,"excludeSystemApps":true,"hideInstallationSource":false,"hideSystemInstallationSource":false,"excludeTargetInstallationSource":false,"invertActivityLaunchProtection":false,"applyTemplates":["HIDE ROOT"],"applyPresets":[],"applySettingsPresets":[],"extraAppList":[]},"luna.safe.luna":{"useWhitelist":false,"excludeSystemApps":true,"hideInstallationSource":false,"hideSystemInstallationSource":false,"excludeTargetInstallationSource":false,"invertActivityLaunchProtection":false,"applyTemplates":["HIDE ROOT"],"applyPresets":[],"applySettingsPresets":[],"extraAppList":["icu.nullptr.applistdetector","com.tsng.hidemyapplist","io.github.huskydg.memorydetector","com.thepedroo.meowdetector","com.reveny.nativecheck","com.byxiaorun.detector"]},"com.spotify.music":{"useWhitelist":false,"excludeSystemApps":true,"hideInstallationSource":false,"hideSystemInstallationSource":false,"excludeTargetInstallationSource":false,"invertActivityLaunchProtection":false,"applyTemplates":["HIDE MY CUSTOM APP"],"applyPresets":[],"applySettingsPresets":[],"extraAppList":[]},"com.ss.android.ugc.aweme":{"useWhitelist":false,"excludeSystemApps":true,"hideInstallationSource":false,"hideSystemInstallationSource":false,"excludeTargetInstallationSource":false,"invertActivityLaunchProtection":false,"applyTemplates":["HIDE ROOT"],"applyPresets":["custom_rom","root_apps","sus_apps","xposed"],"applySettingsPresets":["accessibility","dev_options"],"extraAppList":[]},"com.ss.android.ugc.trill":{"useWhitelist":false,"excludeSystemApps":true,"hideInstallationSource":false,"hideSystemInstallationSource":false,"excludeTargetInstallationSource":false,"invertActivityLaunchProtection":false,"applyTemplates":["HIDE ROOT"],"applyPresets":[],"applySettingsPresets":[],"extraAppList":[]},"com.YONONPMobileApp":{"useWhitelist":false,"excludeSystemApps":true,"hideInstallationSource":false,"hideSystemInstallationSource":false,"excludeTargetInstallationSource":false,"invertActivityLaunchProtection":false,"applyTemplates":["HIDE ROOT"],"applyPresets":[],"applySettingsPresets":[],"extraAppList":[]},"com.YONOMVMobileApp":{"useWhitelist":false,"excludeSystemApps":true,"hideInstallationSource":false,"hideSystemInstallationSource":false,"excludeTargetInstallationSource":false,"invertActivityLaunchProtection":false,"applyTemplates":["HIDE ROOT"],"applyPresets":[],"applySettingsPresets":[],"extraAppList":[]},"com.android.chrome":{"useWhitelist":false,"excludeSystemApps":true,"hideInstallationSource":false,"hideSystemInstallationSource":false,"excludeTargetInstallationSource":false,"invertActivityLaunchProtection":false,"applyTemplates":["HIDE ROOT"],"applyPresets":["custom_rom","root_apps","xposed"],"applySettingsPresets":[],"extraAppList":[]},"com.garena.game.kgth":{"useWhitelist":false,"excludeSystemApps":true,"hideInstallationSource":false,"hideSystemInstallationSource":false,"excludeTargetInstallationSource":false,"invertActivityLaunchProtection":false,"applyTemplates":["HIDE ROOT"],"applyPresets":["custom_rom","root_apps","sus_apps","xposed"],"applySettingsPresets":["accessibility","dev_options"],"extraAppList":[]},"com.shopee.vn":{"useWhitelist":false,"excludeSystemApps":true,"hideInstallationSource":false,"hideSystemInstallationSource":false,"excludeTargetInstallationSource":false,"invertActivityLaunchProtection":false,"applyTemplates":["HIDE MY CUSTOM APP"],"applyPresets":[],"applySettingsPresets":[],"extraAppList":[]},"com.netflix.mediaclient":{"useWhitelist":false,"excludeSystemApps":true,"hideInstallationSource":false,"hideSystemInstallationSource":false,"excludeTargetInstallationSource":false,"invertActivityLaunchProtection":false,"applyTemplates":["HIDE ROOT"],"applyPresets":["custom_rom","root_apps","sus_apps","xposed"],"applySettingsPresets":["accessibility","dev_options"],"extraAppList":[]},"net.one97.paytm":{"useWhitelist":false,"excludeSystemApps":true,"hideInstallationSource":false,"hideSystemInstallationSource":false,"excludeTargetInstallationSource":false,"invertActivityLaunchProtection":false,"applyTemplates":["HIDE ROOT"],"applyPresets":[],"applySettingsPresets":[],"extraAppList":[]},"ph.com.bdo.pay":{"useWhitelist":false,"excludeSystemApps":true,"hideInstallationSource":false,"hideSystemInstallationSource":false,"excludeTargetInstallationSource":false,"invertActivityLaunchProtection":false,"applyTemplates":["HIDE ROOT"],"applyPresets":[],"applySettingsPresets":[],"extraAppList":[]},"com.beeasy.toppay":{"useWhitelist":false,"excludeSystemApps":true,"hideInstallationSource":false,"hideSystemInstallationSource":false,"excludeTargetInstallationSource":false,"invertActivityLaunchProtection":false,"applyTemplates":["HIDE MY CUSTOM APP"],"applyPresets":["custom_rom","root_apps","xposed"],"applySettingsPresets":["accessibility","dev_options"],"extraAppList":[]},"com.vnpay.ocean":{"useWhitelist":false,"excludeSystemApps":true,"hideInstallationSource":false,"hideSystemInstallationSource":false,"excludeTargetInstallationSource":false,"invertActivityLaunchProtection":false,"applyTemplates":["HIDE ROOT"],"applyPresets":[],"applySettingsPresets":[],"extraAppList":[]},"vn.com.vng.zalopay":{"useWhitelist":false,"excludeSystemApps":true,"hideInstallationSource":false,"hideSystemInstallationSource":false,"excludeTargetInstallationSource":false,"invertActivityLaunchProtection":false,"applyTemplates":["HIDE MY CUSTOM APP"],"applyPresets":["custom_rom","root_apps","sus_apps","xposed"],"applySettingsPresets":["accessibility","dev_options"],"extraAppList":[]},"com.cc.grameenphone":{"useWhitelist":false,"excludeSystemApps":true,"hideInstallationSource":false,"hideSystemInstallationSource":false,"excludeTargetInstallationSource":false,"invertActivityLaunchProtection":false,"applyTemplates":["HIDE ROOT"],"applyPresets":[],"applySettingsPresets":[],"extraAppList":[]},"com.vnpay.bidv":{"useWhitelist":false,"excludeSystemApps":true,"hideInstallationSource":false,"hideSystemInstallationSource":false,"excludeTargetInstallationSource":false,"invertActivityLaunchProtection":false,"applyTemplates":["HIDE ROOT"],"applyPresets":[],"applySettingsPresets":[],"extraAppList":[]},"com.mipay.wallet":{"useWhitelist":false,"excludeSystemApps":true,"hideInstallationSource":false,"hideSystemInstallationSource":false,"excludeTargetInstallationSource":false,"invertActivityLaunchProtection":false,"applyTemplates":["HIDE ROOT"],"applyPresets":[],"applySettingsPresets":[],"extraAppList":[]},"com.eg.android.AlipayGphone":{"useWhitelist":false,"excludeSystemApps":true,"hideInstallationSource":false,"hideSystemInstallationSource":false,"excludeTargetInstallationSource":false,"invertActivityLaunchProtection":false,"applyTemplates":["HIDE MY CUSTOM APP"],"applyPresets":[],"applySettingsPresets":[],"extraAppList":[]},"com.vietinbank.ipay":{"useWhitelist":true,"excludeSystemApps":true,"hideInstallationSource":false,"hideSystemInstallationSource":false,"excludeTargetInstallationSource":false,"invertActivityLaunchProtection":false,"applyTemplates":[],"applyPresets":[],"applySettingsPresets":[],"extraAppList":[]},"com.sina.weibo":{"useWhitelist":false,"excludeSystemApps":true,"hideInstallationSource":false,"hideSystemInstallationSource":false,"excludeTargetInstallationSource":false,"invertActivityLaunchProtection":false,"applyTemplates":["HIDE ROOT"],"applyPresets":["custom_rom","root_apps","sus_apps","xposed"],"applySettingsPresets":["accessibility","dev_options"],"extraAppList":[]},"com.soundcloud.android":{"useWhitelist":false,"excludeSystemApps":true,"hideInstallationSource":false,"hideSystemInstallationSource":false,"excludeTargetInstallationSource":false,"invertActivityLaunchProtection":false,"applyTemplates":["HIDE ROOT"],"applyPresets":[],"applySettingsPresets":[],"extraAppList":[]},"io.github.vvb2060.mahoshojo":{"useWhitelist":false,"excludeSystemApps":true,"hideInstallationSource":false,"hideSystemInstallationSource":false,"excludeTargetInstallationSource":false,"invertActivityLaunchProtection":false,"applyTemplates":["HIDE ROOT"],"applyPresets":["custom_rom","root_apps","sus_apps","xposed"],"applySettingsPresets":["accessibility","dev_options"],"extraAppList":[]},"icu.nullptr.nativetest":{"useWhitelist":false,"excludeSystemApps":true,"hideInstallationSource":false,"hideSystemInstallationSource":false,"excludeTargetInstallationSource":false,"invertActivityLaunchProtection":false,"applyTemplates":["HIDE ROOT"],"applyPresets":[],"applySettingsPresets":[],"extraAppList":[]},"com.binance.dev":{"useWhitelist":false,"excludeSystemApps":true,"hideInstallationSource":false,"hideSystemInstallationSource":false,"excludeTargetInstallationSource":false,"invertActivityLaunchProtection":false,"applyTemplates":["HIDE MY CUSTOM APP"],"applyPresets":["custom_rom","root_apps","xposed"],"applySettingsPresets":["accessibility","dev_options"],"extraAppList":[]},"com.openai.chatgpt":{"useWhitelist":false,"excludeSystemApps":true,"hideInstallationSource":false,"hideSystemInstallationSource":false,"excludeTargetInstallationSource":false,"invertActivityLaunchProtection":false,"applyTemplates":["HIDE ROOT"],"applyPresets":[],"applySettingsPresets":[],"extraAppList":[]},"com.facebook.katana":{"useWhitelist":false,"excludeSystemApps":true,"hideInstallationSource":false,"hideSystemInstallationSource":false,"excludeTargetInstallationSource":false,"invertActivityLaunchProtection":false,"applyTemplates":["HIDE ROOT"],"applyPresets":[],"applySettingsPresets":[],"extraAppList":[]},"com.vng.pubgmobile":{"useWhitelist":false,"excludeSystemApps":true,"hideInstallationSource":false,"hideSystemInstallationSource":false,"excludeTargetInstallationSource":false,"invertActivityLaunchProtection":false,"applyTemplates":["HIDE MY CUSTOM APP"],"applyPresets":[],"applySettingsPresets":[],"extraAppList":["com.notzeetaa.yakt","com.anydesk.adcontrol.ad1","com.anydesk.anydeskandroid","com.tencent.docs","bin.mt.plus","bin.mt.termex","com.sukisu.ultra","com.zrt.xposed","ru.zdevs.zarchiver","icu.nullptr.applistdetector","com.tsng.applistdetector","io.github.huskydg.memorydetector","io.liankong.riskdetector","com.zhenxi.hunter","io.github.a13e300.ksuwebui","com.teamviewer.quicksupport.market","com.dergoogler.mmrl","bin.mt.plus.canary","me.bmax.apatch","org.frknkrc44.hma_oss","luna.safe.luna","icu.nullptr.nativetest","com.android.nativetest","com.reveny.nativecheck","io.github.vvb2060.magisk","com.youhu.laifu","com.android.shell","com.byxiaorun.detector","com.android.cngpcebkchn","com.android.cnpgcebkgl","com.android.kernel","com.game.kernel","com.kikyps.crackme","com.omarea.vtools","com.my.televip","org.telegram.plus","org.telegram.messenger","io.github.lsposed.disableflagsecure","com.tsng.hidemyapplist"]},"com.github.android":{"useWhitelist":false,"excludeSystemApps":true,"hideInstallationSource":false,"hideSystemInstallationSource":false,"excludeTargetInstallationSource":false,"invertActivityLaunchProtection":false,"applyTemplates":["HIDE ROOT"],"applyPresets":[],"applySettingsPresets":[],"extraAppList":[]},"com.pinterest":{"useWhitelist":false,"excludeSystemApps":true,"hideInstallationSource":false,"hideSystemInstallationSource":false,"excludeTargetInstallationSource":false,"invertActivityLaunchProtection":false,"applyTemplates":["HIDE ROOT"],"applyPresets":[],"applySettingsPresets":[],"extraAppList":[]},"com.microsoft.office.officehubrow":{"useWhitelist":false,"excludeSystemApps":true,"hideInstallationSource":false,"hideSystemInstallationSource":false,"excludeTargetInstallationSource":false,"invertActivityLaunchProtection":false,"applyTemplates":["HIDE ROOT"],"applyPresets":[],"applySettingsPresets":[],"extraAppList":[]},"com.youku.phone":{"useWhitelist":false,"excludeSystemApps":true,"hideInstallationSource":false,"hideSystemInstallationSource":false,"excludeTargetInstallationSource":false,"invertActivityLaunchProtection":false,"applyTemplates":["HIDE ROOT"],"applyPresets":["custom_rom","root_apps","sus_apps","xposed"],"applySettingsPresets":["accessibility","dev_options"],"extraAppList":[]},"uk.co.santander.santanderUK":{"useWhitelist":false,"excludeSystemApps":true,"hideInstallationSource":false,"hideSystemInstallationSource":false,"excludeTargetInstallationSource":false,"invertActivityLaunchProtection":false,"applyTemplates":["HIDE ROOT"],"applyPresets":[],"applySettingsPresets":[],"extraAppList":[]},"vn.com.techcombank.bb.app":{"useWhitelist":false,"excludeSystemApps":true,"hideInstallationSource":false,"hideSystemInstallationSource":false,"excludeTargetInstallationSource":false,"invertActivityLaunchProtection":false,"applyTemplates":["HIDE MY CUSTOM APP"],"applyPresets":["custom_rom","root_apps","sus_apps","xposed"],"applySettingsPresets":["accessibility","dev_options"],"extraAppList":[]},"com.hbl.android.hblmobilebanking":{"useWhitelist":false,"excludeSystemApps":true,"hideInstallationSource":false,"hideSystemInstallationSource":false,"excludeTargetInstallationSource":false,"invertActivityLaunchProtection":false,"applyTemplates":["HIDE ROOT"],"applyPresets":[],"applySettingsPresets":[],"extraAppList":[]},"com.mventus.selfcare.activity":{"useWhitelist":false,"excludeSystemApps":true,"hideInstallationSource":false,"hideSystemInstallationSource":false,"excludeTargetInstallationSource":false,"invertActivityLaunchProtection":false,"applyTemplates":["HIDE ROOT"],"applyPresets":[],"applySettingsPresets":[],"extraAppList":[]},"com.mservice.momotransfer":{"useWhitelist":false,"excludeSystemApps":true,"hideInstallationSource":false,"hideSystemInstallationSource":false,"excludeTargetInstallationSource":false,"invertActivityLaunchProtection":false,"applyTemplates":["HIDE ROOT"],"applyPresets":[],"applySettingsPresets":[],"extraAppList":[]},"id.my.pjm.qbcd_okr_dvii":{"useWhitelist":false,"excludeSystemApps":true,"hideInstallationSource":false,"hideSystemInstallationSource":false,"excludeTargetInstallationSource":false,"invertActivityLaunchProtection":false,"applyTemplates":["HIDE ROOT"],"applyPresets":["custom_rom","root_apps","sus_apps","xposed"],"applySettingsPresets":["accessibility","dev_options"],"extraAppList":[]},"com.kikyps.crackme":{"useWhitelist":false,"excludeSystemApps":true,"hideInstallationSource":false,"hideSystemInstallationSource":false,"excludeTargetInstallationSource":false,"invertActivityLaunchProtection":false,"applyTemplates":["HIDE ROOT"],"applyPresets":["custom_rom","root_apps","sus_apps","xposed"],"applySettingsPresets":["accessibility","dev_options"],"extraAppList":[]},"com.youhu.laifu":{"useWhitelist":true,"excludeSystemApps":true,"hideInstallationSource":false,"hideSystemInstallationSource":false,"excludeTargetInstallationSource":false,"invertActivityLaunchProtection":false,"applyTemplates":[],"applyPresets":["custom_rom","root_apps","xposed"],"applySettingsPresets":["accessibility","dev_options"],"extraAppList":[]},"com.revolut.revolut":{"useWhitelist":false,"excludeSystemApps":true,"hideInstallationSource":false,"hideSystemInstallationSource":false,"excludeTargetInstallationSource":false,"invertActivityLaunchProtection":false,"applyTemplates":["HIDE MY CUSTOM APP"],"applyPresets":["custom_rom","root_apps","xposed"],"applySettingsPresets":["accessibility","dev_options"],"extraAppList":[]},"com.google.android.apps.authenticator2":{"useWhitelist":false,"excludeSystemApps":true,"hideInstallationSource":false,"hideSystemInstallationSource":false,"excludeTargetInstallationSource":false,"invertActivityLaunchProtection":false,"applyTemplates":["HIDE ROOT"],"applyPresets":["custom_rom","root_apps","sus_apps","xposed"],"applySettingsPresets":["accessibility","dev_options"],"extraAppList":[]},"com.google.android.apps.maps":{"useWhitelist":false,"excludeSystemApps":true,"hideInstallationSource":false,"hideSystemInstallationSource":false,"excludeTargetInstallationSource":false,"invertActivityLaunchProtection":false,"applyTemplates":["HIDE ROOT"],"applyPresets":["custom_rom","root_apps","sus_apps","xposed"],"applySettingsPresets":["accessibility","dev_options"],"extraAppList":[]},"com.kotak.bank.mobile":{"useWhitelist":false,"excludeSystemApps":true,"hideInstallationSource":false,"hideSystemInstallationSource":false,"excludeTargetInstallationSource":false,"invertActivityLaunchProtection":false,"applyTemplates":["HIDE ROOT"],"applyPresets":[],"applySettingsPresets":[],"extraAppList":[]},"com.dbs.dbschina":{"useWhitelist":false,"excludeSystemApps":true,"hideInstallationSource":false,"hideSystemInstallationSource":false,"excludeTargetInstallationSource":false,"invertActivityLaunchProtection":false,"applyTemplates":["HIDE ROOT"],"applyPresets":[],"applySettingsPresets":[],"extraAppList":[]},"com.VCB":{"useWhitelist":false,"excludeSystemApps":true,"hideInstallationSource":false,"hideSystemInstallationSource":false,"excludeTargetInstallationSource":false,"invertActivityLaunchProtection":false,"applyTemplates":["HIDE ROOT"],"applyPresets":[],"applySettingsPresets":[],"extraAppList":[]},"bjj.bank.digital.indo.prod":{"useWhitelist":false,"excludeSystemApps":true,"hideInstallationSource":false,"hideSystemInstallationSource":false,"excludeTargetInstallationSource":false,"invertActivityLaunchProtection":false,"applyTemplates":["HIDE ROOT"],"applyPresets":[],"applySettingsPresets":[],"extraAppList":[]},"com.mbmobile":{"useWhitelist":false,"excludeSystemApps":true,"hideInstallationSource":false,"hideSystemInstallationSource":false,"excludeTargetInstallationSource":false,"invertActivityLaunchProtection":false,"applyTemplates":["HIDE MY CUSTOM APP"],"applyPresets":["custom_rom","root_apps","xposed"],"applySettingsPresets":["accessibility","dev_options"],"extraAppList":[]},"com.gsm.customer":{"useWhitelist":false,"excludeSystemApps":true,"hideInstallationSource":false,"hideSystemInstallationSource":false,"excludeTargetInstallationSource":false,"invertActivityLaunchProtection":false,"applyTemplates":["HIDE ROOT"],"applyPresets":[],"applySettingsPresets":[],"extraAppList":[]},"com.lazada.android":{"useWhitelist":false,"excludeSystemApps":true,"hideInstallationSource":false,"hideSystemInstallationSource":false,"excludeTargetInstallationSource":false,"invertActivityLaunchProtection":false,"applyTemplates":["HIDE ROOT"],"applyPresets":[],"applySettingsPresets":[],"extraAppList":[]},"io.github.rabehx.securify":{"useWhitelist":false,"excludeSystemApps":true,"hideInstallationSource":false,"hideSystemInstallationSource":false,"excludeTargetInstallationSource":false,"invertActivityLaunchProtection":false,"applyTemplates":[],"applyPresets":[],"applySettingsPresets":[],"extraAppList":[]},"com.Version1":{"useWhitelist":false,"excludeSystemApps":true,"hideInstallationSource":false,"hideSystemInstallationSource":false,"excludeTargetInstallationSource":false,"invertActivityLaunchProtection":false,"applyTemplates":["HIDE ROOT"],"applyPresets":[],"applySettingsPresets":[],"extraAppList":[]},"com.lemon.lvoverseas":{"useWhitelist":false,"excludeSystemApps":true,"hideInstallationSource":false,"hideSystemInstallationSource":false,"excludeTargetInstallationSource":false,"invertActivityLaunchProtection":false,"applyTemplates":["HIDE ROOT"],"applyPresets":[],"applySettingsPresets":[],"extraAppList":[]},"com.xiaomi.mipicks":{"useWhitelist":false,"excludeSystemApps":true,"hideInstallationSource":false,"hideSystemInstallationSource":false,"excludeTargetInstallationSource":false,"invertActivityLaunchProtection":false,"applyTemplates":["HIDE ROOT"],"applyPresets":[],"applySettingsPresets":[],"extraAppList":[]},"com.axis.mobile":{"useWhitelist":false,"excludeSystemApps":true,"hideInstallationSource":false,"hideSystemInstallationSource":false,"excludeTargetInstallationSource":false,"invertActivityLaunchProtection":false,"applyTemplates":["HIDE ROOT","HIDE MY CUSTOM APP"],"applyPresets":[],"applySettingsPresets":[],"extraAppList":[]},"my.com.cimb.ngb":{"useWhitelist":false,"excludeSystemApps":true,"hideInstallationSource":false,"hideSystemInstallationSource":false,"excludeTargetInstallationSource":false,"invertActivityLaunchProtection":false,"applyTemplates":["HIDE ROOT"],"applyPresets":[],"applySettingsPresets":[],"extraAppList":[]},"com.ifast.dtb":{"useWhitelist":false,"excludeSystemApps":true,"hideInstallationSource":false,"hideSystemInstallationSource":false,"excludeTargetInstallationSource":false,"invertActivityLaunchProtection":false,"applyTemplates":["HIDE ROOT"],"applyPresets":[],"applySettingsPresets":[],"extraAppList":[]},"com.ifast.gb":{"useWhitelist":false,"excludeSystemApps":true,"hideInstallationSource":false,"hideSystemInstallationSource":false,"excludeTargetInstallationSource":false,"invertActivityLaunchProtection":false,"applyTemplates":["HIDE ROOT"],"applyPresets":[],"applySettingsPresets":[],"extraAppList":[]},"com.cimb.sg.clicksMobile":{"useWhitelist":false,"excludeSystemApps":true,"hideInstallationSource":false,"hideSystemInstallationSource":false,"excludeTargetInstallationSource":false,"invertActivityLaunchProtection":false,"applyTemplates":["HIDE ROOT"],"applyPresets":[],"applySettingsPresets":[],"extraAppList":[]},"com.bpjstku":{"useWhitelist":false,"excludeSystemApps":true,"hideInstallationSource":false,"hideSystemInstallationSource":false,"excludeTargetInstallationSource":false,"invertActivityLaunchProtection":false,"applyTemplates":["HIDE ROOT"],"applyPresets":[],"applySettingsPresets":[],"extraAppList":[]},"io.liankong.riskdetector":{"useWhitelist":false,"excludeSystemApps":false,"hideInstallationSource":false,"hideSystemInstallationSource":false,"excludeTargetInstallationSource":false,"invertActivityLaunchProtection":false,"applyTemplates":["HIDE ROOT"],"applyPresets":["custom_rom","root_apps","sus_apps","xposed"],"applySettingsPresets":["accessibility","dev_options"],"extraAppList":[]},"com.tsng.applistdetector":{"useWhitelist":false,"excludeSystemApps":true,"hideInstallationSource":false,"hideSystemInstallationSource":false,"excludeTargetInstallationSource":false,"invertActivityLaunchProtection":false,"applyTemplates":["HIDE ROOT"],"applyPresets":[],"applySettingsPresets":[],"extraAppList":[]},"com.zing.zalo":{"useWhitelist":false,"excludeSystemApps":true,"hideInstallationSource":false,"hideSystemInstallationSource":false,"excludeTargetInstallationSource":false,"invertActivityLaunchProtection":false,"applyTemplates":[],"applyPresets":[],"applySettingsPresets":[],"extraAppList":[]},"com.OrangeEnvironment.Detector":{"useWhitelist":false,"excludeSystemApps":true,"hideInstallationSource":false,"hideSystemInstallationSource":false,"excludeTargetInstallationSource":false,"invertActivityLaunchProtection":false,"applyTemplates":["HIDE ROOT"],"applyPresets":[],"applySettingsPresets":[],"extraAppList":[]},"com.miui.newhome":{"useWhitelist":false,"excludeSystemApps":true,"hideInstallationSource":false,"hideSystemInstallationSource":false,"excludeTargetInstallationSource":false,"invertActivityLaunchProtection":false,"applyTemplates":["HIDE ROOT"],"applyPresets":[],"applySettingsPresets":[],"extraAppList":[]},"com.xunmeng.pinduoduo":{"useWhitelist":false,"excludeSystemApps":true,"hideInstallationSource":false,"hideSystemInstallationSource":false,"excludeTargetInstallationSource":false,"invertActivityLaunchProtection":false,"applyTemplates":[],"applyPresets":[],"applySettingsPresets":[],"extraAppList":[]},"com.twitter.android":{"useWhitelist":false,"excludeSystemApps":true,"hideInstallationSource":false,"hideSystemInstallationSource":false,"excludeTargetInstallationSource":false,"invertActivityLaunchProtection":false,"applyTemplates":[],"applyPresets":[],"applySettingsPresets":[],"extraAppList":[]},"com.scottyab.rootbeer.sample":{"useWhitelist":false,"excludeSystemApps":true,"hideInstallationSource":false,"hideSystemInstallationSource":false,"excludeTargetInstallationSource":false,"invertActivityLaunchProtection":false,"applyTemplates":["HIDE ROOT"],"applyPresets":[],"applySettingsPresets":[],"extraAppList":[]},"gr.nikolasspyr.integritycheck":{"useWhitelist":false,"excludeSystemApps":true,"hideInstallationSource":false,"hideSystemInstallationSource":false,"excludeTargetInstallationSource":false,"invertActivityLaunchProtection":false,"applyTemplates":["HIDE ROOT"],"applyPresets":[],"applySettingsPresets":[],"extraAppList":[]},"com.duokan.phone.remotecontroller":{"useWhitelist":false,"excludeSystemApps":true,"hideInstallationSource":false,"hideSystemInstallationSource":false,"excludeTargetInstallationSource":false,"invertActivityLaunchProtection":false,"applyTemplates":["HIDE ROOT"],"applyPresets":[],"applySettingsPresets":[],"extraAppList":[]},"com.deepseek.chat":{"useWhitelist":false,"excludeSystemApps":true,"hideInstallationSource":false,"hideSystemInstallationSource":false,"excludeTargetInstallationSource":false,"invertActivityLaunchProtection":false,"applyTemplates":["HIDE ROOT"],"applyPresets":[],"applySettingsPresets":[],"extraAppList":[]},"com.grabtaxi.passenger":{"useWhitelist":false,"excludeSystemApps":true,"hideInstallationSource":false,"hideSystemInstallationSource":false,"excludeTargetInstallationSource":false,"invertActivityLaunchProtection":false,"applyTemplates":["HIDE ROOT"],"applyPresets":[],"applySettingsPresets":[],"extraAppList":[]},"com.miui.player":{"useWhitelist":false,"excludeSystemApps":true,"hideInstallationSource":false,"hideSystemInstallationSource":false,"excludeTargetInstallationSource":false,"invertActivityLaunchProtection":false,"applyTemplates":["HIDE ROOT"],"applyPresets":[],"applySettingsPresets":[],"extraAppList":[]},"com.miui.gallery":{"useWhitelist":false,"excludeSystemApps":true,"hideInstallationSource":false,"hideSystemInstallationSource":false,"excludeTargetInstallationSource":false,"invertActivityLaunchProtection":false,"applyTemplates":["HIDE ROOT"],"applyPresets":[],"applySettingsPresets":[],"extraAppList":[]},"cn.wps.moffice_eng.xiaomi.lite":{"useWhitelist":false,"excludeSystemApps":true,"hideInstallationSource":false,"hideSystemInstallationSource":false,"excludeTargetInstallationSource":false,"invertActivityLaunchProtection":false,"applyTemplates":["HIDE ROOT"],"applyPresets":[],"applySettingsPresets":[],"extraAppList":[]},"com.miui.securitycenter":{"useWhitelist":false,"excludeSystemApps":true,"hideInstallationSource":false,"hideSystemInstallationSource":false,"excludeTargetInstallationSource":false,"invertActivityLaunchProtection":false,"applyTemplates":["HIDE ROOT"],"applyPresets":[],"applySettingsPresets":[],"extraAppList":[]},"com.microsoft.office.outlook":{"useWhitelist":false,"excludeSystemApps":true,"hideInstallationSource":false,"hideSystemInstallationSource":false,"excludeTargetInstallationSource":false,"invertActivityLaunchProtection":false,"applyTemplates":["HIDE ROOT"],"applyPresets":[],"applySettingsPresets":[],"extraAppList":[]},"com.google.android.apps.walletnfcrel":{"useWhitelist":false,"excludeSystemApps":true,"hideInstallationSource":false,"hideSystemInstallationSource":false,"excludeTargetInstallationSource":false,"invertActivityLaunchProtection":false,"applyTemplates":["HIDE ROOT"],"applyPresets":["custom_rom","root_apps","sus_apps","xposed"],"applySettingsPresets":["accessibility","dev_options"],"extraAppList":[]},"com.facebook.orca":{"useWhitelist":false,"excludeSystemApps":true,"hideInstallationSource":false,"hideSystemInstallationSource":false,"excludeTargetInstallationSource":false,"invertActivityLaunchProtection":false,"applyTemplates":["HIDE ROOT"],"applyPresets":[],"applySettingsPresets":[],"extraAppList":[]},"com.apple.bnd":{"useWhitelist":false,"excludeSystemApps":true,"hideInstallationSource":false,"hideSystemInstallationSource":false,"excludeTargetInstallationSource":false,"invertActivityLaunchProtection":false,"applyTemplates":["HIDE ROOT"],"applyPresets":[],"applySettingsPresets":[],"extraAppList":[]},"com.xiaomi.youpin":{"useWhitelist":false,"excludeSystemApps":true,"hideInstallationSource":false,"hideSystemInstallationSource":false,"excludeTargetInstallationSource":false,"invertActivityLaunchProtection":false,"applyTemplates":["HIDE ROOT"],"applyPresets":[],"applySettingsPresets":[],"extraAppList":[]},"com.google.android.apps.youtube.music":{"useWhitelist":false,"excludeSystemApps":true,"hideInstallationSource":false,"hideSystemInstallationSource":false,"excludeTargetInstallationSource":false,"invertActivityLaunchProtection":false,"applyTemplates":[],"applyPresets":[],"applySettingsPresets":[],"extraAppList":[]},"ex.indianoil.in":{"useWhitelist":false,"excludeSystemApps":true,"hideInstallationSource":false,"hideSystemInstallationSource":false,"excludeTargetInstallationSource":false,"invertActivityLaunchProtection":false,"applyTemplates":["HIDE ROOT"],"applyPresets":[],"applySettingsPresets":[],"extraAppList":[]},"px.indianoil.in":{"useWhitelist":false,"excludeSystemApps":true,"hideInstallationSource":false,"hideSystemInstallationSource":false,"excludeTargetInstallationSource":false,"invertActivityLaunchProtection":false,"applyTemplates":["HIDE ROOT"],"applyPresets":[],"applySettingsPresets":[],"extraAppList":[]},"com.reveny.nativecheck":{"useWhitelist":false,"excludeSystemApps":false,"hideInstallationSource":false,"hideSystemInstallationSource":false,"excludeTargetInstallationSource":false,"invertActivityLaunchProtection":false,"applyTemplates":["HIDE ROOT"],"applyPresets":["custom_rom","root_apps","xposed"],"applySettingsPresets":["accessibility","dev_options"],"extraAppList":[]},"com.suryoday.MB":{"useWhitelist":false,"excludeSystemApps":true,"hideInstallationSource":false,"hideSystemInstallationSource":false,"excludeTargetInstallationSource":false,"invertActivityLaunchProtection":false,"applyTemplates":["HIDE ROOT"],"applyPresets":[],"applySettingsPresets":[],"extraAppList":[]},"com.globe.gcash.android":{"useWhitelist":false,"excludeSystemApps":true,"hideInstallationSource":false,"hideSystemInstallationSource":false,"excludeTargetInstallationSource":false,"invertActivityLaunchProtection":false,"applyTemplates":["HIDE ROOT"],"applyPresets":[],"applySettingsPresets":[],"extraAppList":[]},"com.paypal.android.p2pmobile":{"useWhitelist":false,"excludeSystemApps":true,"hideInstallationSource":false,"hideSystemInstallationSource":false,"excludeTargetInstallationSource":false,"invertActivityLaunchProtection":false,"applyTemplates":["HIDE MY CUSTOM APP"],"applyPresets":[],"applySettingsPresets":[],"extraAppList":[]},"com.ubercab.driver":{"useWhitelist":false,"excludeSystemApps":true,"hideInstallationSource":false,"hideSystemInstallationSource":false,"excludeTargetInstallationSource":false,"invertActivityLaunchProtection":false,"applyTemplates":["HIDE ROOT"],"applyPresets":[],"applySettingsPresets":[],"extraAppList":[]},"com.miniclip.eightballpool":{"useWhitelist":false,"excludeSystemApps":true,"hideInstallationSource":false,"hideSystemInstallationSource":false,"excludeTargetInstallationSource":false,"invertActivityLaunchProtection":false,"applyTemplates":["HIDE ROOT"],"applyPresets":[],"applySettingsPresets":[],"extraAppList":[]},"com.termux":{"useWhitelist":false,"excludeSystemApps":true,"hideInstallationSource":false,"hideSystemInstallationSource":false,"excludeTargetInstallationSource":false,"invertActivityLaunchProtection":false,"applyTemplates":["HIDE MY CUSTOM APP"],"applyPresets":[],"applySettingsPresets":[],"extraAppList":[]},"com.paygo24.ibank":{"useWhitelist":false,"excludeSystemApps":true,"hideInstallationSource":false,"hideSystemInstallationSource":false,"excludeTargetInstallationSource":false,"invertActivityLaunchProtection":false,"applyTemplates":["HIDE ROOT"],"applyPresets":[],"applySettingsPresets":[],"extraAppList":[]},"com.android.nativetest":{"useWhitelist":false,"excludeSystemApps":true,"hideInstallationSource":false,"hideSystemInstallationSource":false,"excludeTargetInstallationSource":false,"invertActivityLaunchProtection":false,"applyTemplates":["HIDE ROOT"],"applyPresets":["custom_rom","root_apps","xposed"],"applySettingsPresets":["accessibility","dev_options"],"extraAppList":[]},"chunqiu.safe":{"useWhitelist":false,"excludeSystemApps":false,"hideInstallationSource":false,"hideSystemInstallationSource":false,"excludeTargetInstallationSource":false,"invertActivityLaunchProtection":false,"applyTemplates":["HIDE ROOT"],"applyPresets":[],"applySettingsPresets":[],"extraAppList":["com.tsng.hidemyapplist"]},"app.tabby.client":{"useWhitelist":false,"excludeSystemApps":true,"hideInstallationSource":false,"hideSystemInstallationSource":false,"excludeTargetInstallationSource":false,"invertActivityLaunchProtection":false,"applyTemplates":["HIDE ROOT"],"applyPresets":[],"applySettingsPresets":[],"extraAppList":[]},"icu.nullptr.nativetext":{"useWhitelist":false,"excludeSystemApps":true,"hideInstallationSource":false,"hideSystemInstallationSource":false,"excludeTargetInstallationSource":false,"invertActivityLaunchProtection":false,"applyTemplates":["HIDE ROOT"],"applyPresets":[],"applySettingsPresets":[],"extraAppList":[]},"com.simplesusdetector":{"useWhitelist":false,"excludeSystemApps":true,"hideInstallationSource":false,"hideSystemInstallationSource":false,"excludeTargetInstallationSource":false,"invertActivityLaunchProtection":false,"applyTemplates":["HIDE ROOT"],"applyPresets":[],"applySettingsPresets":[],"extraAppList":[]},"com.chunqiu.detector":{"useWhitelist":false,"excludeSystemApps":true,"hideInstallationSource":false,"hideSystemInstallationSource":false,"excludeTargetInstallationSource":false,"invertActivityLaunchProtection":false,"applyTemplates":["HIDE ROOT"],"applyPresets":[],"applySettingsPresets":[],"extraAppList":[]},"com.vn.dongabank":{"useWhitelist":false,"excludeSystemApps":true,"hideInstallationSource":false,"hideSystemInstallationSource":false,"excludeTargetInstallationSource":false,"invertActivityLaunchProtection":false,"applyTemplates":["HIDE ROOT"],"applyPresets":[],"applySettingsPresets":[],"extraAppList":[]},"com.finx.vikki":{"useWhitelist":false,"excludeSystemApps":true,"hideInstallationSource":false,"hideSystemInstallationSource":false,"excludeTargetInstallationSource":false,"invertActivityLaunchProtection":false,"applyTemplates":["HIDE ROOT"],"applyPresets":[],"applySettingsPresets":[],"extraAppList":[]},"me.nukrs.root.envcheck":{"useWhitelist":true,"excludeSystemApps":false,"hideInstallationSource":false,"hideSystemInstallationSource":false,"excludeTargetInstallationSource":false,"invertActivityLaunchProtection":false,"applyTemplates":[],"applyPresets":[],"applySettingsPresets":[],"extraAppList":[]},"com.hdfcbank.android.now":{"useWhitelist":false,"excludeSystemApps":true,"hideInstallationSource":false,"hideSystemInstallationSource":false,"excludeTargetInstallationSource":false,"invertActivityLaunchProtection":false,"applyTemplates":["HIDE ROOT"],"applyPresets":[],"applySettingsPresets":[],"extraAppList":[]},"com.tpb.mb.gprsandroid":{"useWhitelist":false,"excludeSystemApps":true,"hideInstallationSource":false,"hideSystemInstallationSource":false,"excludeTargetInstallationSource":false,"invertActivityLaunchProtection":false,"applyTemplates":["HIDE ROOT"],"applyPresets":[],"applySettingsPresets":[],"extraAppList":[]},"com.viettel.bss.viettelpos.v4":{"useWhitelist":false,"excludeSystemApps":true,"hideInstallationSource":false,"hideSystemInstallationSource":false,"excludeTargetInstallationSource":false,"invertActivityLaunchProtection":false,"applyTemplates":["HIDE ROOT"],"applyPresets":[],"applySettingsPresets":[],"extraAppList":[]},"com.crunchyroll.crunchyroid":{"useWhitelist":false,"excludeSystemApps":true,"hideInstallationSource":false,"hideSystemInstallationSource":false,"excludeTargetInstallationSource":false,"invertActivityLaunchProtection":false,"applyTemplates":["HIDE ROOT"],"applyPresets":[],"applySettingsPresets":[],"extraAppList":[]},"in.irisbyyes.app":{"useWhitelist":false,"excludeSystemApps":true,"hideInstallationSource":false,"hideSystemInstallationSource":false,"excludeTargetInstallationSource":false,"invertActivityLaunchProtection":false,"applyTemplates":["HIDE MY CUSTOM APP"],"applyPresets":["custom_rom","root_apps","sus_apps","xposed"],"applySettingsPresets":["accessibility","dev_options"],"extraAppList":[]},"com.garena.game.kgvo":{"useWhitelist":false,"excludeSystemApps":true,"hideInstallationSource":false,"hideSystemInstallationSource":false,"excludeTargetInstallationSource":false,"invertActivityLaunchProtection":false,"applyTemplates":["HIDE ROOT"],"applyPresets":[],"applySettingsPresets":[],"extraAppList":["moe.shizuku.privileged.api","com.anydesk.adcontrol.ad1","com.anydesk.anydeskandroid","bin.mt.plus.canary","bin.mt.plus","bin.mt.termex","com.sukisu.ultra","com.tsng.hidemyapplist","com.my.televip","com.coderstory.toolkit","io.github.lsposed.disableflagsecure"]},"com.squareup":{"useWhitelist":false,"excludeSystemApps":true,"hideInstallationSource":false,"hideSystemInstallationSource":false,"excludeTargetInstallationSource":false,"invertActivityLaunchProtection":false,"applyTemplates":["HIDE ROOT"],"applyPresets":[],"applySettingsPresets":[],"extraAppList":[]},"com.vnpay.Agribank3g":{"useWhitelist":false,"excludeSystemApps":true,"hideInstallationSource":false,"hideSystemInstallationSource":false,"excludeTargetInstallationSource":false,"invertActivityLaunchProtection":false,"applyTemplates":["HIDE ROOT"],"applyPresets":[],"applySettingsPresets":[],"extraAppList":["ys.od.pfjp.n.jsobh","com.anydesk.adcontrol.ad1","com.anydesk.anydeskandroid","com.teamviewer.quicksupport.market","com.teamviewer.teamviewer.market.mobile"]},"az.kapitalbank.mbanking":{"useWhitelist":false,"excludeSystemApps":true,"hideInstallationSource":false,"hideSystemInstallationSource":false,"excludeTargetInstallationSource":false,"invertActivityLaunchProtection":false,"applyTemplates":["HIDE ROOT"],"applyPresets":["custom_rom","root_apps","sus_apps","xposed"],"applySettingsPresets":["accessibility","dev_options"],"extraAppList":[]},"com.bandhan.mBandhan":{"useWhitelist":false,"excludeSystemApps":true,"hideInstallationSource":false,"hideSystemInstallationSource":false,"excludeTargetInstallationSource":false,"invertActivityLaunchProtection":false,"applyTemplates":["HIDE MY CUSTOM APP"],"applyPresets":[],"applySettingsPresets":[],"extraAppList":[]},"com.dd.doordash":{"useWhitelist":false,"excludeSystemApps":true,"hideInstallationSource":false,"hideSystemInstallationSource":false,"excludeTargetInstallationSource":false,"invertActivityLaunchProtection":false,"applyTemplates":["HIDE ROOT"],"applyPresets":[],"applySettingsPresets":[],"extraAppList":["bin.mt.plus","bin.mt.termex","com.tsng.hidemyapplist","com.sukisu.ultra","xzr.hkf","com.github.capntrips.kernelflasher","com.my.televip","io.github.lsposed.disableflagsecure","com.coderstory.toolkit","com.android.shell","moe.shizuku.privileged.api","io.github.vvb2060.packageinstaller"]},"com.doordash.driverapp":{"useWhitelist":false,"excludeSystemApps":true,"hideInstallationSource":false,"hideSystemInstallationSource":false,"excludeTargetInstallationSource":false,"invertActivityLaunchProtection":false,"applyTemplates":["HIDE ROOT"],"applyPresets":[],"applySettingsPresets":[],"extraAppList":[]},"com.grubhub.android":{"useWhitelist":false,"excludeSystemApps":false,"hideInstallationSource":false,"hideSystemInstallationSource":false,"excludeTargetInstallationSource":false,"invertActivityLaunchProtection":false,"applyTemplates":["HIDE ROOT"],"applyPresets":[],"applySettingsPresets":[],"extraAppList":[]},"com.ubercab":{"useWhitelist":false,"excludeSystemApps":true,"hideInstallationSource":false,"hideSystemInstallationSource":false,"excludeTargetInstallationSource":false,"invertActivityLaunchProtection":false,"applyTemplates":["HIDE ROOT"],"applyPresets":[],"applySettingsPresets":[],"extraAppList":[]},"me.lyft.android":{"useWhitelist":false,"excludeSystemApps":true,"hideInstallationSource":false,"hideSystemInstallationSource":false,"excludeTargetInstallationSource":false,"invertActivityLaunchProtection":false,"applyTemplates":["HIDE ROOT"],"applyPresets":[],"applySettingsPresets":[],"extraAppList":[]},"com.ubercab.eats":{"useWhitelist":false,"excludeSystemApps":true,"hideInstallationSource":false,"hideSystemInstallationSource":false,"excludeTargetInstallationSource":false,"invertActivityLaunchProtection":false,"applyTemplates":["HIDE ROOT"],"applyPresets":[],"applySettingsPresets":[],"extraAppList":[]},"com.tencent.ig":{"useWhitelist":false,"excludeSystemApps":true,"hideInstallationSource":false,"hideSystemInstallationSource":false,"excludeTargetInstallationSource":false,"invertActivityLaunchProtection":false,"applyTemplates":["HIDE MY CUSTOM APP"],"applyPresets":[],"applySettingsPresets":[],"extraAppList":["com.notzeetaa.yakt","com.anydesk.adcontrol.ad1","com.anydesk.anydeskandroid","com.tencent.docs","bin.mt.plus","bin.mt.termex","com.sukisu.ultra","ru.zdevs.zarchiver","com.zrt.xposed","com.tsng.applistdetector","icu.nullptr.applistdetector","com.youhu.laifu","com.deepseek.chat","com.proxima.dfm","com.rem01gaming.disclosure","org.frknkrc44.hma_oss","me.garfieldhan.holmes","xzr.hkf","com.zhenxi.hunter","com.github.capntrips.kernelflasher","com.android.kernel","com.mixplorer","com.minimax.ai","io.github.vvb2060.mahoshojo","com.reveny.nativecheck","com.android.nativetest","icu.nullptr.nativetest","gr.nikolasspyr.integritycheck","com.byxiaorun.detector","eu.thedarken.sdm","eu.darken.sdmse","moe.shizuku.privileged.api","com.termux","com.thor.nonroot","com.android.shell"]},"com.pubg.krmobile":{"useWhitelist":false,"excludeSystemApps":true,"hideInstallationSource":false,"hideSystemInstallationSource":false,"excludeTargetInstallationSource":false,"invertActivityLaunchProtection":false,"applyTemplates":["HIDE MY CUSTOM APP"],"applyPresets":[],"applySettingsPresets":[],"extraAppList":["com.notzeetaa.yakt","com.anydesk.adcontrol.ad1","com.anydesk.anydeskandroid","com.tencent.docs","bin.mt.plus","bin.mt.termex","com.sukisu.ultra","ru.zdevs.zarchiver","com.zrt.xposed","icu.nullptr.applistdetector","com.tsng.applistdetector","com.youhu.laifu","com.kikyps.crackme","com.rem01gaming.disclosure","org.frknkrc44.hma_oss","me.garfieldhan.holmes","xzr.hkf","com.zhenxi.hunter","com.github.capntrips.kernelflasher","com.android.kernel","com.minimax.ai","com.mixplorer","io.github.vvb2060.mahoshojo","com.reveny.nativecheck","com.android.nativetest","icu.nullptr.nativetest","gr.nikolasspyr.integritycheck","com.byxiaorun.detector","eu.thedarken.sdm","eu.darken.sdmse","moe.shizuku.privileged.api","com.thor.nonroot","com.termux","com.android.shell","com.happymod.apk","com.catchingnow.icebox"]},"com.grabtaxi.driver2":{"useWhitelist":false,"excludeSystemApps":true,"hideInstallationSource":false,"hideSystemInstallationSource":false,"excludeTargetInstallationSource":false,"invertActivityLaunchProtection":false,"applyTemplates":["HIDE ROOT"],"applyPresets":[],"applySettingsPresets":[],"extraAppList":[]},"com.revolut.business":{"useWhitelist":false,"excludeSystemApps":true,"hideInstallationSource":false,"hideSystemInstallationSource":false,"excludeTargetInstallationSource":false,"invertActivityLaunchProtection":false,"applyTemplates":["HIDE ROOT"],"applyPresets":["custom_rom","root_apps","xposed"],"applySettingsPresets":["accessibility","dev_options"],"extraAppList":[]},"ru.ozon.fintech.finance":{"useWhitelist":false,"excludeSystemApps":true,"hideInstallationSource":false,"hideSystemInstallationSource":false,"excludeTargetInstallationSource":false,"invertActivityLaunchProtection":false,"applyTemplates":["HIDE ROOT"],"applyPresets":[],"applySettingsPresets":[],"extraAppList":[]},"com.transfergo.android":{"useWhitelist":false,"excludeSystemApps":true,"hideInstallationSource":false,"hideSystemInstallationSource":false,"excludeTargetInstallationSource":false,"invertActivityLaunchProtection":false,"applyTemplates":["HIDE ROOT"],"applyPresets":[],"applySettingsPresets":[],"extraAppList":[]},"com.kozhevin.rootchecks":{"useWhitelist":false,"excludeSystemApps":true,"hideInstallationSource":false,"hideSystemInstallationSource":false,"excludeTargetInstallationSource":false,"invertActivityLaunchProtection":false,"applyTemplates":["HIDE ROOT"],"applyPresets":[],"applySettingsPresets":[],"extraAppList":[]},"lt.lemonlabs.android.paysera":{"useWhitelist":false,"excludeSystemApps":true,"hideInstallationSource":false,"hideSystemInstallationSource":false,"excludeTargetInstallationSource":false,"invertActivityLaunchProtection":false,"applyTemplates":["HIDE ROOT"],"applyPresets":[],"applySettingsPresets":[],"extraAppList":[]},"com.paysend.app":{"useWhitelist":false,"excludeSystemApps":true,"hideInstallationSource":false,"hideSystemInstallationSource":false,"excludeTargetInstallationSource":false,"invertActivityLaunchProtection":false,"applyTemplates":["HIDE ROOT"],"applyPresets":[],"applySettingsPresets":[],"extraAppList":[]},"gr.payzy":{"useWhitelist":false,"excludeSystemApps":true,"hideInstallationSource":false,"hideSystemInstallationSource":false,"excludeTargetInstallationSource":false,"invertActivityLaunchProtection":false,"applyTemplates":["HIDE ROOT"],"applyPresets":[],"applySettingsPresets":[],"extraAppList":[]},"com.robinhood.android":{"useWhitelist":false,"excludeSystemApps":true,"hideInstallationSource":false,"hideSystemInstallationSource":false,"excludeTargetInstallationSource":false,"invertActivityLaunchProtection":false,"applyTemplates":["HIDE ROOT"],"applyPresets":[],"applySettingsPresets":[],"extraAppList":[]},"com.robinhood.global":{"useWhitelist":false,"excludeSystemApps":true,"hideInstallationSource":false,"hideSystemInstallationSource":false,"excludeTargetInstallationSource":false,"invertActivityLaunchProtection":false,"applyTemplates":["HIDE ROOT"],"applyPresets":[],"applySettingsPresets":[],"extraAppList":[]},"net.typeblog.shelter":{"useWhitelist":false,"excludeSystemApps":true,"hideInstallationSource":false,"hideSystemInstallationSource":false,"excludeTargetInstallationSource":false,"invertActivityLaunchProtection":false,"applyTemplates":["HIDE ROOT"],"applyPresets":[],"applySettingsPresets":[],"extraAppList":[]},"com.moneybookers.skrillpayments":{"useWhitelist":false,"excludeSystemApps":true,"hideInstallationSource":false,"hideSystemInstallationSource":false,"excludeTargetInstallationSource":false,"invertActivityLaunchProtection":false,"applyTemplates":["HIDE ROOT"],"applyPresets":[],"applySettingsPresets":[],"extraAppList":[]},"vivid.money":{"useWhitelist":false,"excludeSystemApps":true,"hideInstallationSource":false,"hideSystemInstallationSource":false,"excludeTargetInstallationSource":false,"invertActivityLaunchProtection":false,"applyTemplates":["HIDE ROOT"],"applyPresets":[],"applySettingsPresets":[],"extraAppList":[]},"com.android1500.yard":{"useWhitelist":false,"excludeSystemApps":true,"hideInstallationSource":false,"hideSystemInstallationSource":false,"excludeTargetInstallationSource":false,"invertActivityLaunchProtection":false,"applyTemplates":["HIDE ROOT"],"applyPresets":[],"applySettingsPresets":[],"extraAppList":[]},"ru.rostel":{"useWhitelist":false,"excludeSystemApps":true,"hideInstallationSource":false,"hideSystemInstallationSource":false,"excludeTargetInstallationSource":false,"invertActivityLaunchProtection":false,"applyTemplates":["HIDE ROOT"],"applyPresets":[],"applySettingsPresets":[],"extraAppList":[]},"org.chromium.webapk.aadc7284a22f4efbc_v2":{"useWhitelist":false,"excludeSystemApps":true,"hideInstallationSource":false,"hideSystemInstallationSource":false,"excludeTargetInstallationSource":false,"invertActivityLaunchProtection":false,"applyTemplates":["HIDE ROOT"],"applyPresets":[],"applySettingsPresets":[],"extraAppList":[]},"com.moonpay":{"useWhitelist":false,"excludeSystemApps":true,"hideInstallationSource":false,"hideSystemInstallationSource":false,"excludeTargetInstallationSource":false,"invertActivityLaunchProtection":false,"applyTemplates":["HIDE ROOT"],"applyPresets":[],"applySettingsPresets":[],"extraAppList":[]},"com.garena.gaslite":{"useWhitelist":false,"excludeSystemApps":true,"hideInstallationSource":false,"hideSystemInstallationSource":false,"excludeTargetInstallationSource":false,"invertActivityLaunchProtection":false,"applyTemplates":["HIDE ROOT","HIDE MY CUSTOM APP"],"applyPresets":[],"applySettingsPresets":[],"extraAppList":[]},"com.dts.freefiremax":{"useWhitelist":false,"excludeSystemApps":true,"hideInstallationSource":false,"hideSystemInstallationSource":false,"excludeTargetInstallationSource":false,"invertActivityLaunchProtection":false,"applyTemplates":["HIDE MY CUSTOM APP"],"applyPresets":["custom_rom","root_apps","sus_apps","xposed"],"applySettingsPresets":["accessibility","dev_options"],"extraAppList":["io.github.vvb2060.magisk","me.bmax.apatch","com.tsng.applistdetector","icu.nullptr.applistdetector","com.youhu.laifu","org.frknkrc44.hma_oss","com.teamviewer.quicksupport.market","com.teamviewer.teamviewer.market.mobile","com.anydesk.anydeskandroid","io.github.huskydg.memorydetector","com.reveny.nativecheck","io.liankong.riskdetector","com.byxiaorun.detector","icu.nullptr.nativetest","com.android.nativetest","io.github.a13e300.ksuwebui","com.dergoogler.mmrl","com.topjohnwu.magisk","com.sukisu.ultra","com.luckyzyx.luckytool","bin.mt.plus.canary","com.android.shell","com.coderstory.toolkit","com.zrt.xposed","com.android.kernel","com.android.cngpcebkchn","com.game.kernel","com.android.cnpgcebkgl","org.telegram.messenger","org.telegram.plus","com.my.televip","ru.zdevs.zarchiver","io.github.rabehx.securify","com.zhenxi.hunter","moe.shizuku.privileged.api","io.github.chsbuffer.revancedxposed","xzr.hkf","io.github.lsposed.disableflagsecure","com.garena.gaslite","luna.safe.luna","com.anydesk.adcontrol.ad1","com.omarea.vtools","me.garfieldhan.holmes","com.rcmiku.payload.dumper.compose","com.kikyps.crackme","io.github.vvb2060.mahoshojo"]},"com.vng.codmvn":{"useWhitelist":false,"excludeSystemApps":true,"hideInstallationSource":false,"hideSystemInstallationSource":false,"excludeTargetInstallationSource":false,"invertActivityLaunchProtection":false,"applyTemplates":["HIDE MY CUSTOM APP"],"applyPresets":["custom_rom","root_apps","sus_apps","xposed"],"applySettingsPresets":["accessibility","dev_options"],"extraAppList":[]},"com.garena.game.df":{"useWhitelist":false,"excludeSystemApps":true,"hideInstallationSource":false,"hideSystemInstallationSource":false,"excludeTargetInstallationSource":false,"invertActivityLaunchProtection":false,"applyTemplates":["HIDE MY CUSTOM APP"],"applyPresets":["custom_rom","root_apps","sus_apps","xposed"],"applySettingsPresets":["accessibility","dev_options"],"extraAppList":["com.tsng.hidemyapplist","org.frknkrc44.hma_oss","com.cloudflare.onedotonedotonedotone","com.anydesk.adcontrol.ad1","com.anydesk.anydeskandroid","com.teamviewer.quicksupport.market","com.teamviewer.teamviewer.market.mobile","bin.mt.plus.canary","bin.mt.plus","com.sukisu.ultra","io.github.vvb2060.magisk","com.topjohnwu.magisk","me.bmax.apatch","icu.nullptr.applistdetector","com.tsng.applistdetector","io.github.huskydg.memorydetector","com.reveny.nativecheck","com.byxiaorun.detector","io.liankong.riskdetector","com.kikyps.crackme","com.omarea.vtools","com.my.televip","org.telegram.plus","org.telegram.messenger","com.android.shell","moe.shizuku.privileged.api","io.github.lsposed.disableflagsecure","com.luckyzyx.luckytool","com.zhenxi.hunter","com.youhu.laifu","com.coloros.securepay","com.android.cngpcebkchn","com.android.cnpgcebkgl","com.android.kernel","com.game.kernel","com.zrt.xposed"]},"com.oplus.pay":{"useWhitelist":false,"excludeSystemApps":true,"hideInstallationSource":false,"hideSystemInstallationSource":false,"excludeTargetInstallationSource":false,"invertActivityLaunchProtection":false,"applyTemplates":["HIDE ROOT"],"applyPresets":[],"applySettingsPresets":[],"extraAppList":[]},"com.coloros.securepay":{"useWhitelist":false,"excludeSystemApps":true,"hideInstallationSource":false,"hideSystemInstallationSource":false,"excludeTargetInstallationSource":false,"invertActivityLaunchProtection":false,"applyTemplates":["HIDE MY CUSTOM APP"],"applyPresets":[],"applySettingsPresets":[],"extraAppList":[]},"com.unionpay.tsmservice":{"useWhitelist":false,"excludeSystemApps":true,"hideInstallationSource":false,"hideSystemInstallationSource":false,"excludeTargetInstallationSource":false,"invertActivityLaunchProtection":false,"applyTemplates":["HIDE MY CUSTOM APP"],"applyPresets":[],"applySettingsPresets":[],"extraAppList":[]},"com.coloros.directui":{"useWhitelist":false,"excludeSystemApps":true,"hideInstallationSource":false,"hideSystemInstallationSource":false,"excludeTargetInstallationSource":false,"invertActivityLaunchProtection":false,"applyTemplates":["HIDE MY CUSTOM APP"],"applyPresets":[],"applySettingsPresets":[],"extraAppList":[]},"com.heytap.speechassist":{"useWhitelist":false,"excludeSystemApps":true,"hideInstallationSource":false,"hideSystemInstallationSource":false,"excludeTargetInstallationSource":false,"invertActivityLaunchProtection":false,"applyTemplates":["HIDE MY CUSTOM APP"],"applyPresets":[],"applySettingsPresets":[],"extraAppList":[]},"com.oplus.aimemory":{"useWhitelist":false,"excludeSystemApps":true,"hideInstallationSource":false,"hideSystemInstallationSource":false,"excludeTargetInstallationSource":false,"invertActivityLaunchProtection":false,"applyTemplates":["HIDE MY CUSTOM APP"],"applyPresets":[],"applySettingsPresets":[],"extraAppList":[]},"com.coloros.shortcuts":{"useWhitelist":false,"excludeSystemApps":true,"hideInstallationSource":false,"hideSystemInstallationSource":false,"excludeTargetInstallationSource":false,"invertActivityLaunchProtection":false,"applyTemplates":["HIDE MY CUSTOM APP"],"applyPresets":[],"applySettingsPresets":[],"extraAppList":[]},"com.coloros.ocrscanner":{"useWhitelist":false,"excludeSystemApps":true,"hideInstallationSource":false,"hideSystemInstallationSource":false,"excludeTargetInstallationSource":false,"invertActivityLaunchProtection":false,"applyTemplates":["HIDE MY CUSTOM APP"],"applyPresets":[],"applySettingsPresets":[],"extraAppList":[]},"com.riotgames.league.wildriftvn":{"useWhitelist":false,"excludeSystemApps":true,"hideInstallationSource":false,"hideSystemInstallationSource":false,"excludeTargetInstallationSource":false,"invertActivityLaunchProtection":false,"applyTemplates":["HIDE MY CUSTOM APP"],"applyPresets":["custom_rom","root_apps","sus_apps","xposed"],"applySettingsPresets":["accessibility","dev_options"],"extraAppList":["io.github.vvb2060.magisk","com.anydesk.adcontrol.ad1","com.anydesk.anydeskandroid","me.bmax.apatch","com.sukisu.ultra","icu.nullptr.applistdetector","com.tsng.applistdetector","com.youhu.laifu","org.frknkrc44.hma_oss","com.teamviewer.quicksupport.market","com.teamviewer.teamviewer.market.mobile","io.liankong.riskdetector","com.byxiaorun.detector","com.reveny.nativecheck","io.github.huskydg.memorydetector","icu.nullptr.nativetest","com.android.nativetest","luna.safe.luna","bin.mt.plus.canary","com.kikyps.crackme","com.omarea.vtools","com.my.televip","org.telegram.plus","org.telegram.messenger","com.android.cngpcebkchn","com.android.cnpgcebkgl","com.android.kernel","com.game.kernel","com.zrt.xposed","com.garena.gaslite","xzr.hkf","me.garfieldhan.holmes","com.zhenxi.hunter","io.github.a13e300.ksuwebui","com.luckyzyx.luckytool","com.topjohnwu.magisk","io.github.vvb2060.mahoshojo","moe.shizuku.privileged.api","com.android.shell","io.github.rabehx.securify","ru.zdevs.zarchiver","io.github.chsbuffer.revancedxposed","com.coderstory.toolkit","io.github.lsposed.disableflagsecure"]},"com.dts.freefireth":{"useWhitelist":false,"excludeSystemApps":true,"hideInstallationSource":false,"hideSystemInstallationSource":false,"excludeTargetInstallationSource":false,"invertActivityLaunchProtection":false,"applyTemplates":["HIDE MY CUSTOM APP"],"applyPresets":["custom_rom","root_apps","sus_apps","xposed"],"applySettingsPresets":["accessibility","dev_options"],"extraAppList":["com.anydesk.adcontrol.ad1","io.github.vvb2060.magisk","me.bmax.apatch","com.anydesk.anydeskandroid","icu.nullptr.applistdetector","com.tsng.applistdetector","com.youhu.laifu","org.frknkrc44.hma_oss","com.coderstory.toolkit","com.kikyps.crackme","me.garfieldhan.holmes","xzr.hkf","com.zhenxi.hunter","com.android.kernel","com.game.kernel","io.github.a13e300.ksuwebui","com.luckyzyx.luckytool","luna.safe.luna","com.topjohnwu.magisk","com.dergoogler.mmrl","io.github.vvb2060.mahoshojo","bin.mt.plus.canary","com.reveny.nativecheck","com.android.nativetest","icu.nullptr.nativetest","com.rcmiku.payload.dumper.compose","org.telegram.plus","com.teamviewer.quicksupport.market","io.github.chsbuffer.revancedxposed","io.liankong.riskdetector","com.byxiaorun.detector","com.omarea.vtools","io.github.rabehx.securify","moe.shizuku.privileged.api","com.my.televip","com.teamviewer.teamviewer.market.mobile","ru.zdevs.zarchiver","com.zrt.xposed","com.android.cngpcebkchn","com.android.cnpgcebkgl","io.github.huskydg.memorydetector","com.android.shell"]},"com.squareup.cash":{"useWhitelist":false,"excludeSystemApps":true,"hideInstallationSource":false,"hideSystemInstallationSource":false,"excludeTargetInstallationSource":false,"invertActivityLaunchProtection":false,"applyTemplates":["HIDE ROOT"],"applyPresets":["custom_rom","root_apps","sus_apps","xposed"],"applySettingsPresets":["accessibility","dev_options"],"extraAppList":[]},"com.rem01gaming.disclosure":{"useWhitelist":false,"excludeSystemApps":true,"hideInstallationSource":false,"hideSystemInstallationSource":false,"excludeTargetInstallationSource":false,"invertActivityLaunchProtection":false,"applyTemplates":["HIDE MY CUSTOM APP"],"applyPresets":[],"applySettingsPresets":[],"extraAppList":[]},"com.qnbalahli.bebasata":{"useWhitelist":false,"excludeSystemApps":true,"hideInstallationSource":false,"hideSystemInstallationSource":false,"excludeTargetInstallationSource":false,"invertActivityLaunchProtection":false,"applyTemplates":["HIDE MY CUSTOM APP"],"applyPresets":["custom_rom","root_apps","sus_apps","xposed"],"applySettingsPresets":["accessibility","dev_options"],"extraAppList":[]},"com.customer.herofincorp":{"useWhitelist":false,"excludeSystemApps":true,"hideInstallationSource":false,"hideSystemInstallationSource":false,"excludeTargetInstallationSource":false,"invertActivityLaunchProtection":false,"applyTemplates":["HIDE ROOT"],"applyPresets":["custom_rom","root_apps","sus_apps","xposed"],"applySettingsPresets":["accessibility","dev_options"],"extraAppList":[]},"mobile.acb.com.vn":{"useWhitelist":false,"excludeSystemApps":true,"hideInstallationSource":false,"hideSystemInstallationSource":false,"excludeTargetInstallationSource":false,"invertActivityLaunchProtection":false,"applyTemplates":["HIDE ROOT"],"applyPresets":[],"applySettingsPresets":[],"extraAppList":[]},"vnpay.smartacccount":{"useWhitelist":false,"excludeSystemApps":true,"hideInstallationSource":false,"hideSystemInstallationSource":false,"excludeTargetInstallationSource":false,"invertActivityLaunchProtection":false,"applyTemplates":["HIDE ROOT"],"applyPresets":[],"applySettingsPresets":[],"extraAppList":[]},"com.tpb.ebmobile":{"useWhitelist":false,"excludeSystemApps":true,"hideInstallationSource":false,"hideSystemInstallationSource":false,"excludeTargetInstallationSource":false,"invertActivityLaunchProtection":false,"applyTemplates":["HIDE ROOT"],"applyPresets":["custom_rom","root_apps","xposed"],"applySettingsPresets":["accessibility","dev_options"],"extraAppList":[]},"ph.com.gotyme":{"useWhitelist":false,"excludeSystemApps":true,"hideInstallationSource":false,"hideSystemInstallationSource":false,"excludeTargetInstallationSource":false,"invertActivityLaunchProtection":false,"applyTemplates":["HIDE ROOT"],"applyPresets":[],"applySettingsPresets":[],"extraAppList":[]},"com.rcbc.pulz":{"useWhitelist":false,"excludeSystemApps":true,"hideInstallationSource":false,"hideSystemInstallationSource":false,"excludeTargetInstallationSource":false,"invertActivityLaunchProtection":false,"applyTemplates":["HIDE ROOT"],"applyPresets":[],"applySettingsPresets":[],"extraAppList":[]},"sa.com.stcbank":{"useWhitelist":false,"excludeSystemApps":true,"hideInstallationSource":false,"hideSystemInstallationSource":false,"excludeTargetInstallationSource":false,"invertActivityLaunchProtection":false,"applyTemplates":["HIDE ROOT"],"applyPresets":[],"applySettingsPresets":[],"extraAppList":[]},"ph.allbank.mbapp":{"useWhitelist":false,"excludeSystemApps":true,"hideInstallationSource":false,"hideSystemInstallationSource":false,"excludeTargetInstallationSource":false,"invertActivityLaunchProtection":false,"applyTemplates":["HIDE ROOT"],"applyPresets":[],"applySettingsPresets":[],"extraAppList":[]},"zebpay.Application":{"useWhitelist":false,"excludeSystemApps":true,"hideInstallationSource":false,"hideSystemInstallationSource":false,"excludeTargetInstallationSource":false,"invertActivityLaunchProtection":false,"applyTemplates":["HIDE MY CUSTOM APP"],"applyPresets":["custom_rom","root_apps","xposed"],"applySettingsPresets":["accessibility","dev_options"],"extraAppList":[]},"ph.com.metrobank.mcc.mbonline":{"useWhitelist":false,"excludeSystemApps":true,"hideInstallationSource":false,"hideSystemInstallationSource":false,"excludeTargetInstallationSource":false,"invertActivityLaunchProtection":false,"applyTemplates":["HIDE ROOT"],"applyPresets":["custom_rom","root_apps","sus_apps","xposed"],"applySettingsPresets":["accessibility","dev_options"],"extraAppList":["top.ltfan.notdeveloper","org.frknkrc44.hma_oss"]},"com.proxima.dfm":{"useWhitelist":false,"excludeSystemApps":true,"hideInstallationSource":false,"hideSystemInstallationSource":false,"excludeTargetInstallationSource":false,"invertActivityLaunchProtection":false,"applyTemplates":["HIDE MY CUSTOM APP"],"applyPresets":[],"applySettingsPresets":[],"extraAppList":["com.anydesk.anydeskandroid","com.kikyps.crackme","ninja.thiha.frozenkeyboard2","org.frknkrc44.hma_oss","com.happymod.apk","me.garfieldhan.holmes","xzr.hkf","com.zhenxi.hunter","com.catchingnow.icebox","com.github.capntrips.kernelflasher","com.android.kernel","com.mixplorer","com.minimax.ai","io.github.vvb2060.mahoshojo","bin.mt.plus","com.reveny.nativecheck","com.android.nativetest","icu.nullptr.nativetest","gr.nikolasspyr.integritycheck","com.byxiaorun.detector","eu.thedarken.sdm","eu.darken.sdmse","moe.shizuku.privileged.api","com.sukisu.ultra","com.termux","com.thor.nonroot","ru.zdevs.zarchiver","com.anydesk.adcontrol.ad1","com.android.shell","com.tsng.applistdetector","icu.nullptr.applistdetector","com.youhu.laifu","com.rem01gaming.disclosure"]},"vn.com.msb.smartBanking":{"useWhitelist":false,"excludeSystemApps":true,"hideInstallationSource":false,"hideSystemInstallationSource":false,"excludeTargetInstallationSource":false,"invertActivityLaunchProtection":false,"applyTemplates":["HIDE MY CUSTOM APP"],"applyPresets":[],"applySettingsPresets":[],"extraAppList":[]},"com.amazon.rabbit":{"useWhitelist":false,"excludeSystemApps":true,"hideInstallationSource":false,"hideSystemInstallationSource":false,"excludeTargetInstallationSource":false,"invertActivityLaunchProtection":false,"applyTemplates":["HIDE MY CUSTOM APP"],"applyPresets":[],"applySettingsPresets":[],"extraAppList":[]},"com.amazon.flex.rabbit":{"useWhitelist":false,"excludeSystemApps":true,"hideInstallationSource":false,"hideSystemInstallationSource":false,"excludeTargetInstallationSource":false,"invertActivityLaunchProtection":false,"applyTemplates":["HIDE MY CUSTOM APP"],"applyPresets":["custom_rom","root_apps","sus_apps","xposed"],"applySettingsPresets":["accessibility","dev_options"],"extraAppList":[]},"com.ubi.parivar":{"useWhitelist":false,"excludeSystemApps":true,"hideInstallationSource":false,"hideSystemInstallationSource":false,"excludeTargetInstallationSource":false,"invertActivityLaunchProtection":false,"applyTemplates":["HIDE MY CUSTOM APP"],"applyPresets":["custom_rom","root_apps","sus_apps","xposed"],"applySettingsPresets":["accessibility","dev_options"],"extraAppList":[]},"com.google.android.apps.photos":{"useWhitelist":false,"excludeSystemApps":true,"hideInstallationSource":false,"hideSystemInstallationSource":false,"excludeTargetInstallationSource":false,"invertActivityLaunchProtection":false,"applyTemplates":[],"applyPresets":[],"applySettingsPresets":[],"extraAppList":[]},"com.reddit.frontpage":{"useWhitelist":false,"excludeSystemApps":true,"hideInstallationSource":false,"hideSystemInstallationSource":false,"excludeTargetInstallationSource":false,"invertActivityLaunchProtection":false,"applyTemplates":[],"applyPresets":[],"applySettingsPresets":[],"extraAppList":[]},"com.android.vending":{"useWhitelist":false,"excludeSystemApps":true,"hideInstallationSource":false,"hideSystemInstallationSource":false,"excludeTargetInstallationSource":false,"invertActivityLaunchProtection":false,"applyTemplates":[],"applyPresets":[],"applySettingsPresets":[],"extraAppList":[]},"com.google.android.gms":{"useWhitelist":false,"excludeSystemApps":true,"hideInstallationSource":false,"hideSystemInstallationSource":false,"excludeTargetInstallationSource":false,"invertActivityLaunchProtection":false,"applyTemplates":[],"applyPresets":[],"applySettingsPresets":[],"extraAppList":[]},"com.google.android.gsf":{"useWhitelist":false,"excludeSystemApps":true,"hideInstallationSource":false,"hideSystemInstallationSource":false,"excludeTargetInstallationSource":false,"invertActivityLaunchProtection":false,"applyTemplates":[],"applyPresets":[],"applySettingsPresets":[],"extraAppList":[]},"org.matrix.demo":{"useWhitelist":false,"excludeSystemApps":true,"hideInstallationSource":false,"hideSystemInstallationSource":false,"excludeTargetInstallationSource":false,"invertActivityLaunchProtection":false,"applyTemplates":["HIDE ROOT"],"applyPresets":["custom_rom","root_apps","xposed"],"applySettingsPresets":["accessibility","dev_options"],"extraAppList":[]},"eu.eleader.mobilebanking.nbk":{"useWhitelist":false,"excludeSystemApps":true,"hideInstallationSource":false,"hideSystemInstallationSource":false,"excludeTargetInstallationSource":false,"invertActivityLaunchProtection":false,"applyTemplates":["HIDE MY CUSTOM APP"],"applyPresets":["custom_rom","root_apps","xposed"],"applySettingsPresets":["accessibility","dev_options"],"extraAppList":[]},"com.okinc.okex.gp":{"useWhitelist":false,"excludeSystemApps":true,"hideInstallationSource":false,"hideSystemInstallationSource":false,"excludeTargetInstallationSource":false,"invertActivityLaunchProtection":false,"applyTemplates":["HIDE MY CUSTOM APP"],"applyPresets":["custom_rom","root_apps","sus_apps","xposed"],"applySettingsPresets":["accessibility","dev_options"],"extraAppList":[]},"com.vcb.t2p":{"useWhitelist":false,"excludeSystemApps":true,"hideInstallationSource":false,"hideSystemInstallationSource":false,"excludeTargetInstallationSource":false,"invertActivityLaunchProtection":false,"applyTemplates":["HIDE MY CUSTOM APP"],"applyPresets":["custom_rom","root_apps","xposed"],"applySettingsPresets":["accessibility","dev_options"],"extraAppList":[]},"com.alinma.retail.mobile.v4":{"useWhitelist":false,"excludeSystemApps":true,"hideInstallationSource":false,"hideSystemInstallationSource":false,"excludeTargetInstallationSource":false,"invertActivityLaunchProtection":false,"applyTemplates":["HIDE MY CUSTOM APP"],"applyPresets":["custom_rom","root_apps","sus_apps","xposed"],"applySettingsPresets":["accessibility","dev_options"],"extraAppList":[]},"com.garena.game.kgvn":{"useWhitelist":false,"excludeSystemApps":true,"hideInstallationSource":false,"hideSystemInstallationSource":false,"excludeTargetInstallationSource":false,"invertActivityLaunchProtection":false,"applyTemplates":["HIDE MY CUSTOM APP"],"applyPresets":["custom_rom","root_apps","sus_apps","xposed"],"applySettingsPresets":["accessibility","dev_options"],"extraAppList":["com.cloudflare.onedotonedotonedotone","com.anydesk.adcontrol.ad1","com.anydesk.anydeskandroid","icu.nullptr.applistdetector","com.tsng.applistdetector","com.youhu.laifu","com.kikyps.crackme","org.matrix.demo","com.modaov.turbogamebooster","com.rem01gaming.disclosure","com.digilocker.android","com.garena.gaslite","org.frknkrc44.hma_oss","me.garfieldhan.holmes","xzr.hkf","com.zhenxi.hunter","top.ltfan.notdeveloper","com.rifsxd.ksunext","io.github.vvb2060.keyattestation","io.github.a13e300.ksuwebui","io.github.vvb2060.mahoshojo","io.github.huskydg.memorydetector","icu.nullptr.nativetest","com.android.nativetest","com.reveny.nativecheck","tw.nekomimi.nekogram","org.telegram.plus","gr.nikolasspyr.integritycheck","io.github.chsbuffer.revancedxposed","io.liankong.riskdetector","com.scottyab.rootbeer.sample","io.github.rabehx.securify","moe.shizuku.privileged.api"]},"xyz.be.cake":{"useWhitelist":false,"excludeSystemApps":true,"hideInstallationSource":false,"hideSystemInstallationSource":false,"excludeTargetInstallationSource":false,"invertActivityLaunchProtection":false,"applyTemplates":["HIDE MY CUSTOM APP"],"applyPresets":["custom_rom","root_apps","xposed"],"applySettingsPresets":["accessibility","dev_options"],"extraAppList":[]},"com.bpi.ng.app":{"useWhitelist":false,"excludeSystemApps":true,"hideInstallationSource":false,"hideSystemInstallationSource":false,"excludeTargetInstallationSource":false,"invertActivityLaunchProtection":false,"applyTemplates":["HIDE MY CUSTOM APP"],"applyPresets":["custom_rom","root_apps","xposed"],"applySettingsPresets":["accessibility","dev_options"],"extraAppList":[]},"cashgiraffe.app":{"useWhitelist":false,"excludeSystemApps":true,"hideInstallationSource":false,"hideSystemInstallationSource":false,"excludeTargetInstallationSource":false,"invertActivityLaunchProtection":false,"applyTemplates":["HIDE MY CUSTOM APP"],"applyPresets":["custom_rom","root_apps","xposed"],"applySettingsPresets":["accessibility","dev_options"],"extraAppList":[]},"com.sacombank.ewallet":{"useWhitelist":false,"excludeSystemApps":true,"hideInstallationSource":false,"hideSystemInstallationSource":false,"excludeTargetInstallationSource":false,"invertActivityLaunchProtection":false,"applyTemplates":["HIDE MY CUSTOM APP"],"applyPresets":["custom_rom","root_apps","xposed"],"applySettingsPresets":["accessibility","dev_options"],"extraAppList":[]},"com.vib.myvib2":{"useWhitelist":false,"excludeSystemApps":true,"hideInstallationSource":false,"hideSystemInstallationSource":false,"excludeTargetInstallationSource":false,"invertActivityLaunchProtection":false,"applyTemplates":["HIDE MY CUSTOM APP"],"applyPresets":["custom_rom","root_apps","sus_apps","xposed"],"applySettingsPresets":["accessibility","dev_options"],"extraAppList":[]},"com.tencent.mm":{"useWhitelist":false,"excludeSystemApps":true,"hideInstallationSource":false,"hideSystemInstallationSource":false,"excludeTargetInstallationSource":false,"invertActivityLaunchProtection":false,"applyTemplates":[],"applyPresets":["custom_rom","root_apps","sus_apps","xposed"],"applySettingsPresets":["accessibility","dev_options"],"extraAppList":[]}}}